{"_id":"eccf9146-a1ef-4a4f-afe8-19910231a02a_AppSrv07_fb3ce3d8-c58e-4b7a-813c-04bbb1339a71_ModResorts_war.ear_json","_rev":"1-3a2721288a5ce3e9baaf75a1ad066f23","report":"inventory","version":"2.3","productVersion":"9.0","productRelease":"18.0.0.1","options":["--excludePackages\u003dcom.ibm.websphere,com.ibm.ws,com.ibm.db2,com.informix,com.microsoft,com.sybase,com.sun,java,javax,net,oracle,org,sqlj,_ibmjsp"],"applications":["/opt/IBM/WebSphere/AppServer/profiles/AppSrv07/config/cells/ioaCPINode07Cell/applications/ModResorts_war.ear/ModResorts_war.ear"],"sharedLibraries":[],"archives":{"ears":1,"wars":1,"rars":0,"ejbs":0,"webFragments":0,"utilityJars":0,"appClients":0},"summary":{"servlets":0,"jsps":0,"jpaEntities":0,"bmpEntityBeans":0,"cmpEntityBeans":0,"messageDrivenBeans":0,"singletonSessionBeans":0,"statefulSessionBeans":0,"statelessSessionBeans":0,"jaxrpcConsumers":0,"jaxrpcProviders":0,"jaxrsConsumers":0,"jaxrsProviders":0,"jaxwsConsumers":0,"jaxwsProviders":0},"archiveInventory":[{"archiveName":"/opt/IBM/WebSphere/AppServer/profiles/AppSrv07/config/cells/ioaCPINode07Cell/applications/ModResorts_war.ear/ModResorts_war.ear","moduleType":"Enterprise archive","moduleVersion":"7","archives":{"wars":1,"rars":0,"ejbs":0,"utilityJars":0,"appClients":0},"summary":{"servlets":0,"jsps":0,"jpaEntities":0,"bmpEntityBeans":0,"cmpEntityBeans":0,"messageDrivenBeans":0,"singletonSessionBeans":0,"statefulSessionBeans":0,"statelessSessionBeans":0,"jaxrpcConsumers":0,"jaxrpcProviders":0,"jaxrsConsumers":0,"jaxrsProviders":0,"jaxwsConsumers":0,"jaxwsProviders":0},"potentialDeploymentProblemsSummary":{"archivesContainingDuplicateClasses":0,"archivesContainingJavaEEorSEClasses":0,"archivesContainingConflictingOpenSourceSoftwareClasses":0,"archivesContainingWebSphereClasses":0,"archivesNotReferencedInTheApplication":0,"archivesWithMissingDependenciesInTheApplication":0,"classesWithSystemLevelJVMConfiguration":0,"sharedLibrariesReferencingApplicationClasses":0},"potentialDeploymentProblemsDetails":[{"duplicateClassesWithinClassLoader":[]},{"duplicateClassesAcrossApplication":[]},{"javaEEandSEClasses":[]},{"duplicateWebSphereClasses":[]},{"openSourceSoftwareClasses":[]},{"archivesNotReferenced":[]},{"missingDependencies":[]},{"classesWithSystemLevelJVMConfiguration":[]},{"sharedLibraryDependencies":[]}],"performanceConsiderations":{"archivesThatAreCandidatesForMetadataCompleteTrueAttribute":["ModResorts.war"],"webModulesWithExcessiveClassFiles":[],"webModulesWithExcessiveStaticResources":[]},"containedArchiveInventory":[{"archiveName":"/opt/IBM/WebSphere/AppServer/profiles/AppSrv07/config/cells/ioaCPINode07Cell/applications/ModResorts_war.ear/ModResorts_war.ear/ModResorts.war","moduleType":"Web module","moduleVersion":"3.1","metadataComplete":"Unspecified","archives":{"ejbs":0,"webFragments":0,"utilityJars":0},"summary":{"servlets":0,"jsps":0,"jpaEntities":0,"bmpEntityBeans":0,"cmpEntityBeans":0,"messageDrivenBeans":0,"singletonSessionBeans":0,"statefulSessionBeans":0,"statelessSessionBeans":0,"jaxrpcConsumers":0,"jaxrpcProviders":0,"jaxrsConsumers":0,"jaxrsProviders":0,"jaxwsConsumers":0,"jaxwsProviders":0}}]}],"sharedLibraryDetails":[],"name":"ModResorts_war.ear.inventory","type":"json","tenantId":"fb3ce3d8-c58e-4b7a-813c-04bbb1339a71","taskname":"eccf9146-a1ef-4a4f-afe8-19910231a02a","created":1713883905069,"profileName":"AppSrv07","applicationName":"ModResorts_war.ear","id":"eccf9146-a1ef-4a4f-afe8-19910231a02a_AppSrv07_fb3ce3d8-c58e-4b7a-813c-04bbb1339a71_ModResorts_war.ear_json"}