{"_id":"eccf9146-a1ef-4a4f-afe8-19910231a02a_AppSrv07_fb3ce3d8-c58e-4b7a-813c-04bbb1339a71_ModResorts_war.ear.ICp_Liberty_json","_rev":"1-cc2a3ebe176a5d5d7f439772d60e1827","report":"analysis","version":"1.2","productVersion":"9.0","productRelease":"18.0.0.1","options":["--sourceAppServer\u003dwas90","--sourceJava\u003dibm8","--targetAppServer\u003dliberty","--targetJava\u003dibm8","--targetCloud\u003ddockerIBMCloud","--excludePackages\u003dcom.ibm.websphere,com.ibm.ws,com.ibm.db2,com.informix,com.microsoft,com.sybase,com.sun,java,javax,net,oracle,org,sqlj,_ibmjsp"],"totalRulesFlagged":0,"filesAffected":0,"totalResults":0,"applications":["/opt/IBM/WebSphere/AppServer/profiles/AppSrv07/config/cells/ioaCPINode07Cell/applications/ModResorts_war.ear/ModResorts_war.ear"],"rules":[],"name":"ModResorts_war.ear.ICp_Liberty.analyze","type":"json","tenantId":"fb3ce3d8-c58e-4b7a-813c-04bbb1339a71","taskname":"eccf9146-a1ef-4a4f-afe8-19910231a02a","created":1713883905066,"profileName":"AppSrv07","applicationName":"ModResorts_war.ear.ICp_Liberty","id":"eccf9146-a1ef-4a4f-afe8-19910231a02a_AppSrv07_fb3ce3d8-c58e-4b7a-813c-04bbb1339a71_ModResorts_war.ear.ICp_Liberty_json"}