{"_id":"eccf9146-a1ef-4a4f-afe8-19910231a02a_AppSrv07_fb3ce3d8-c58e-4b7a-813c-04bbb1339a71_ModResorts_war.ear_json","_rev":"1-2411ae4596e40dccb08244ce3f20e4ba","report":"technology","version":"2.2","productVersion":"9.0","productRelease":"18.0.0.1","options":["--baseEdition","--coreEdition","--libertyBuildpackEdition","--ndEdition","--zosEdition","--traditional","--liberty","--excludePackages\u003dcom.ibm.websphere,com.ibm.ws,com.ibm.db2,com.informix,com.microsoft,com.sybase,com.sun,java,javax,net,oracle,org,sqlj,_ibmjsp"],"applications":[{"application":"/opt/IBM/WebSphere/AppServer/profiles/AppSrv07/config/cells/ioaCPINode07Cell/applications/ModResorts_war.ear/ModResorts_war.ear","summary":{"bluemixLiberty":true,"libertyCore":true,"liberty":true,"websphereTraditional":true,"ndLiberty":true,"ndTraditional":true,"zosLiberty":true,"zosTraditional":true},"technologies":[{"technology":"Java Servlet","bluemixLiberty":true,"libertyCore":true,"liberty":true,"websphereTraditional":true,"ndLiberty":true,"ndTraditional":true,"zosLiberty":true,"zosTraditional":true}],"incompleteReportErrors":[],"footnotes":[]}],"overallSummary":{"bluemixLiberty":true,"libertyCore":true,"liberty":true,"websphereTraditional":true,"ndLiberty":true,"ndTraditional":true,"zosLiberty":true,"zosTraditional":true},"name":"ModResorts_war.ear.eval","type":"json","tenantId":"fb3ce3d8-c58e-4b7a-813c-04bbb1339a71","taskname":"eccf9146-a1ef-4a4f-afe8-19910231a02a","created":1713883905066,"profileName":"AppSrv07","applicationName":"ModResorts_war.ear","id":"eccf9146-a1ef-4a4f-afe8-19910231a02a_AppSrv07_fb3ce3d8-c58e-4b7a-813c-04bbb1339a71_ModResorts_war.ear_json"}