{
   "report": "analysis",
   "version": "1.4",
   "productVersion": "24.0.0.1",
   "productRelease": "24.0.0.1",
   "buildID": "v20240324_2333",
   "options": [
      "--sourceAppServer=was855",
      "--sourceJava=ibm6",
      "--sourceJavaEE=ee6",
      "--targetAppServer=openLiberty",
      "--targetJava=ibm8",
      "--targetJavaEE=ee7",
      "--targetCloud=containers",
      "--includeHelpLocation",
      "--excludePackages=ch.qos,com.cloudant,com.cognos,com.fasterxml,com.filenet,com.ibatis,com.ibm,com.informix,com.lowagie,com.mchange,com.meterware,com.microsoft,com.mongodb,com.mysql,com.sun,com.sybase,filenet,freemarker,groovy,jakarta,java,javax,net,oracle,org,sqlj,sun,twitter4j,_ibmjsp"
   ],
   "totalRulesFlagged": 7,
   "filesAffected": 5,
   "totalResults": 8,
   "severitySummary": [
      {
         "severity": "Critical",
         "severityId": "severe",
         "totalRulesFlagged": 1,
         "totalResults": 1,
         "totalRulesFlaggedWithAutomatedFix": 0,
         "totalResultsWithAutomatedFix": 0
      },
      {
         "severity": "Warning",
         "severityId": "warning",
         "totalRulesFlagged": 2,
         "totalResults": 2,
         "totalRulesFlaggedWithAutomatedFix": 1,
         "totalResultsWithAutomatedFix": 1
      },
      {
         "severity": "Information",
         "severityId": "info",
         "totalRulesFlagged": 4,
         "totalResults": 5,
         "totalRulesFlaggedWithAutomatedFix": 0,
         "totalResultsWithAutomatedFix": 0
      }
   ],
   "applications": [
      "/root/source/websphere-cafe/websphere-cafe/websphere-cafe-web/target/websphere-cafe.war"
   ],
   "rules": [
      {
         "ruleName": "Databases",
         "ruleId": "DatabasesRule",
         "ruleHelpLocation": "/ruleinfo/appmigration/cloud/Databases.html",
         "devCost": "0",
         "instanceCost": "0",
         "severity": "Information",
         "severityId": "info",
         "recipe": null,
         "alternativeRecipes": [
         ],
         "category": "Technology connectivity considerations for IBM Cloud",
         "categoryId": "appconversion.cloud.category.technology.connectivity",
         "totalResults": 2,
         "results": [
            {
               "fileName": "websphere-cafe.war/WEB-INF/classes/META-INF/persistence.xml",
               "details": [
                  {
                     "reference": null,
                     "match": "jta-data-source=jdbc/WebSphereCafeDB",
                     "lineNumber": 7
                  }
               ]
            },
            {
               "fileName": "websphere-cafe.war/WEB-INF/classes/cafe/model/CafeRepository.class",
               "details": [
                  {
                     "reference": "Field annotation entityManager",
                     "match": "javax.persistence",
                     "lineNumber": 0
                  }
               ]
            }
         ],
         "referencedClasses": [
            {
               "class": "javax.persistence.Entity",
               "total": 1
            },
            {
               "class": "javax.persistence.EntityManager",
               "total": 11
            },
            {
               "class": "javax.persistence.GeneratedValue",
               "total": 1
            },
            {
               "class": "javax.persistence.Id",
               "total": 1
            },
            {
               "class": "javax.persistence.NamedQuery",
               "total": 1
            },
            {
               "class": "javax.persistence.PersistenceContext",
               "total": 1
            },
            {
               "class": "javax.persistence.PersistenceException",
               "total": 2
            },
            {
               "class": "javax.persistence.TypedQuery",
               "total": 2
            }
         ]
      },
      {
         "ruleName": "Disable the persistence unit second-level cache",
         "ruleId": "JpaCacheProperties",
         "ruleHelpLocation": "/ruleinfo/appconversion/javaee7/jpa/JpaCacheBehavior.html",
         "devCost": "0.25",
         "instanceCost": "0.1",
         "severity": "Warning",
         "severityId": "warning",
         "recipe": "org.openrewrite.java.migrate.JpaCacheProperties",
         "alternativeRecipes": [
         ],
         "category": "Java EE 7 / OpenJPA to EclipseLink JPA",
         "categoryId": "appconversion.javaee7.category / appconversion.javaee7.jpa.category",
         "totalResults": 1,
         "results": [
            {
               "fileName": "websphere-cafe.war/WEB-INF/classes/META-INF/persistence.xml",
               "details": [
                  {
                     "reference": null,
                     "match": "persistence-unit",
                     "lineNumber": 6
                  }
               ]
            }
         ]
      },
      {
         "ruleName": "Java API for RESTful Web Services (JAX-RS)",
         "ruleId": "DetectJAXRS",
         "ruleHelpLocation": "/help/java/DetectJAXRS.html",
         "devCost": "0",
         "instanceCost": "0",
         "severity": "Information",
         "severityId": "info",
         "recipe": null,
         "alternativeRecipes": [
         ],
         "category": "Java EE 6 / JAX-RS 1.1",
         "categoryId": "com.ibm.ws.appconversion.javaee6.category / com.ibm.ws.appconversion.javaee6.jaxrs.category",
         "totalResults": 1,
         "results": [
            {
               "fileName": "websphere-cafe.war/WEB-INF/classes/cafe/web/rest/CafeResource.class",
               "details": [
                  {
                     "reference": "Class annotation",
                     "match": "javax.ws.rs",
                     "lineNumber": 0
                  }
               ]
            }
         ],
         "referencedClasses": [
            {
               "class": "javax.ws.rs.Consumes",
               "total": 1
            },
            {
               "class": "javax.ws.rs.DELETE",
               "total": 1
            },
            {
               "class": "javax.ws.rs.GET",
               "total": 2
            },
            {
               "class": "javax.ws.rs.POST",
               "total": 1
            },
            {
               "class": "javax.ws.rs.Path",
               "total": 3
            },
            {
               "class": "javax.ws.rs.PathParam",
               "total": 2
            },
            {
               "class": "javax.ws.rs.Produces",
               "total": 2
            },
            {
               "class": "javax.ws.rs.WebApplicationException",
               "total": 4
            },
            {
               "class": "javax.ws.rs.client.Client",
               "total": 9
            },
            {
               "class": "javax.ws.rs.client.ClientBuilder",
               "total": 3
            },
            {
               "class": "javax.ws.rs.client.Entity",
               "total": 3
            },
            {
               "class": "javax.ws.rs.client.Invocation$Builder",
               "total": 6
            },
            {
               "class": "javax.ws.rs.client.WebTarget",
               "total": 10
            },
            {
               "class": "javax.ws.rs.core.Context",
               "total": 1
            },
            {
               "class": "javax.ws.rs.core.GenericType",
               "total": 3
            },
            {
               "class": "javax.ws.rs.core.Response",
               "total": 5
            },
            {
               "class": "javax.ws.rs.core.Response$ResponseBuilder",
               "total": 2
            },
            {
               "class": "javax.ws.rs.core.Response$Status",
               "total": 6
            },
            {
               "class": "javax.ws.rs.core.UriInfo",
               "total": 2
            }
         ]
      },
      {
         "ruleName": "Java Persistence API (JPA)",
         "ruleId": "DetectJPA",
         "ruleHelpLocation": "/help/java/DetectJPA.html",
         "devCost": "0",
         "instanceCost": "0",
         "severity": "Warning",
         "severityId": "warning",
         "recipe": null,
         "alternativeRecipes": [
         ],
         "category": "Java EE 6 / JPA 2.0",
         "categoryId": "com.ibm.ws.appconversion.javaee6.category / com.ibm.ws.appconversion.javaee6.jpa.category",
         "totalResults": 1,
         "results": [
            {
               "fileName": "websphere-cafe.war/WEB-INF/classes/cafe/model/CafeRepository.class",
               "details": [
                  {
                     "reference": "Field annotation entityManager",
                     "match": "javax.persistence",
                     "lineNumber": 0
                  }
               ]
            }
         ],
         "referencedClasses": [
            {
               "class": "javax.persistence.Entity",
               "total": 1
            },
            {
               "class": "javax.persistence.EntityManager",
               "total": 11
            },
            {
               "class": "javax.persistence.GeneratedValue",
               "total": 1
            },
            {
               "class": "javax.persistence.Id",
               "total": 1
            },
            {
               "class": "javax.persistence.NamedQuery",
               "total": 1
            },
            {
               "class": "javax.persistence.PersistenceContext",
               "total": 1
            },
            {
               "class": "javax.persistence.PersistenceException",
               "total": 2
            },
            {
               "class": "javax.persistence.TypedQuery",
               "total": 2
            }
         ]
      },
      {
         "ruleName": "OpenJPA and WebSphere JPA configuration properties must be migrated",
         "ruleId": "OpenJPAConfigurationProperties",
         "ruleHelpLocation": "/ruleinfo/appconversion/javaee7/jpa/OpenJpaConfigurationProperties.html",
         "devCost": "2",
         "instanceCost": "0.1",
         "severity": "Critical",
         "severityId": "severe",
         "recipe": null,
         "alternativeRecipes": [
         ],
         "category": "Java EE 7 / OpenJPA to EclipseLink JPA",
         "categoryId": "appconversion.javaee7.category / appconversion.javaee7.jpa.category",
         "totalResults": 1,
         "results": [
            {
               "fileName": "websphere-cafe.war/WEB-INF/classes/META-INF/persistence.xml",
               "details": [
                  {
                     "reference": null,
                     "match": "property.name=openjpa.jdbc.SynchronizeMappings",
                     "lineNumber": 12
                  }
               ]
            }
         ]
      },
      {
         "ruleName": "Remote web services",
         "ruleId": "RemoteWebServicesRule",
         "ruleHelpLocation": "/ruleinfo/appmigration/cloud/RemoteWebServices.html",
         "devCost": "0",
         "instanceCost": "0",
         "severity": "Information",
         "severityId": "info",
         "recipe": null,
         "alternativeRecipes": [
         ],
         "category": "Technology connectivity considerations for IBM Cloud",
         "categoryId": "appconversion.cloud.category.technology.connectivity",
         "totalResults": 1,
         "results": [
            {
               "fileName": "websphere-cafe.war/WEB-INF/classes/cafe/web/view/Cafe.class",
               "details": [
                  {
                     "reference": "Field client",
                     "match": "javax.ws.rs.client",
                     "lineNumber": 0
                  }
               ]
            }
         ],
         "referencedClasses": [
            {
               "class": "javax.ws.rs.client.Client",
               "total": 9
            },
            {
               "class": "javax.ws.rs.client.ClientBuilder",
               "total": 3
            },
            {
               "class": "javax.ws.rs.client.Entity",
               "total": 3
            },
            {
               "class": "javax.ws.rs.client.Invocation$Builder",
               "total": 6
            },
            {
               "class": "javax.ws.rs.client.WebTarget",
               "total": 10
            }
         ]
      },
      {
         "ruleName": "Validate the URL host and port for cloud access",
         "ruleId": "URLRuleDockerCloud",
         "ruleHelpLocation": "/ruleinfo/appmigration/cloud/UrlRule.html",
         "devCost": "0",
         "instanceCost": "0",
         "severity": "Information",
         "severityId": "info",
         "recipe": null,
         "alternativeRecipes": [
         ],
         "category": "Connectivity considerations for IBM Cloud (Containers and Virtual machines)",
         "categoryId": "appconversion.cloud.category.connectivity.dockerAndWASOnCloud",
         "totalResults": 1,
         "results": [
            {
               "fileName": "websphere-cafe.war",
               "details": [
                  {
                     "reference": "1",
                     "match": "http://localhost:9080",
                     "lineNumber": 0
                  }
               ]
            }
         ]
      }
   ]
}