{
   "report": "analysis",
   "version": "1.4",
   "productVersion": "24.0.0.1",
   "productRelease": "24.0.0.1",
   "buildID": "v20240324_2333",
   "options": [
      "--sourceAppServer=was855",
      "--sourceJava=ibm6",
      "--sourceJavaEE=ee6",
      "--targetAppServer=liberty",
      "--targetJava=ibm8",
      "--targetCloud=containers",
      "--includeHelpLocation",
      "--excludePackages=ch.qos,com.cloudant,com.cognos,com.fasterxml,com.filenet,com.ibatis,com.ibm,com.informix,com.lowagie,com.mchange,com.meterware,com.microsoft,com.mongodb,com.mysql,com.sun,com.sybase,filenet,freemarker,groovy,jakarta,java,javax,net,oracle,org,sqlj,sun,twitter4j,_ibmjsp"
   ],
   "totalRulesFlagged": 3,
   "filesAffected": 4,
   "totalResults": 4,
   "severitySummary": [
      {
         "severity": "Information",
         "severityId": "info",
         "totalRulesFlagged": 3,
         "totalResults": 4,
         "totalRulesFlaggedWithAutomatedFix": 0,
         "totalResultsWithAutomatedFix": 0
      }
   ],
   "applications": [
      "/root/source/websphere-cafe/websphere-cafe/websphere-cafe-web/target/websphere-cafe.war"
   ],
   "rules": [
      {
         "ruleName": "Databases",
         "ruleId": "DatabasesRule",
         "ruleHelpLocation": "/ruleinfo/appmigration/cloud/Databases.html",
         "devCost": "0",
         "instanceCost": "0",
         "severity": "Information",
         "severityId": "info",
         "recipe": null,
         "alternativeRecipes": [
         ],
         "category": "Technology connectivity considerations for IBM Cloud",
         "categoryId": "appconversion.cloud.category.technology.connectivity",
         "totalResults": 2,
         "results": [
            {
               "fileName": "websphere-cafe.war/WEB-INF/classes/META-INF/persistence.xml",
               "details": [
                  {
                     "reference": null,
                     "match": "jta-data-source=jdbc/WebSphereCafeDB",
                     "lineNumber": 7
                  }
               ]
            },
            {
               "fileName": "websphere-cafe.war/WEB-INF/classes/cafe/model/CafeRepository.class",
               "details": [
                  {
                     "reference": "Field annotation entityManager",
                     "match": "javax.persistence",
                     "lineNumber": 0
                  }
               ]
            }
         ],
         "referencedClasses": [
            {
               "class": "javax.persistence.Entity",
               "total": 1
            },
            {
               "class": "javax.persistence.EntityManager",
               "total": 11
            },
            {
               "class": "javax.persistence.GeneratedValue",
               "total": 1
            },
            {
               "class": "javax.persistence.Id",
               "total": 1
            },
            {
               "class": "javax.persistence.NamedQuery",
               "total": 1
            },
            {
               "class": "javax.persistence.PersistenceContext",
               "total": 1
            },
            {
               "class": "javax.persistence.PersistenceException",
               "total": 2
            },
            {
               "class": "javax.persistence.TypedQuery",
               "total": 2
            }
         ]
      },
      {
         "ruleName": "Remote web services",
         "ruleId": "RemoteWebServicesRule",
         "ruleHelpLocation": "/ruleinfo/appmigration/cloud/RemoteWebServices.html",
         "devCost": "0",
         "instanceCost": "0",
         "severity": "Information",
         "severityId": "info",
         "recipe": null,
         "alternativeRecipes": [
         ],
         "category": "Technology connectivity considerations for IBM Cloud",
         "categoryId": "appconversion.cloud.category.technology.connectivity",
         "totalResults": 1,
         "results": [
            {
               "fileName": "websphere-cafe.war/WEB-INF/classes/cafe/web/view/Cafe.class",
               "details": [
                  {
                     "reference": "Field client",
                     "match": "javax.ws.rs.client",
                     "lineNumber": 0
                  }
               ]
            }
         ],
         "referencedClasses": [
            {
               "class": "javax.ws.rs.client.Client",
               "total": 9
            },
            {
               "class": "javax.ws.rs.client.ClientBuilder",
               "total": 3
            },
            {
               "class": "javax.ws.rs.client.Entity",
               "total": 3
            },
            {
               "class": "javax.ws.rs.client.Invocation$Builder",
               "total": 6
            },
            {
               "class": "javax.ws.rs.client.WebTarget",
               "total": 10
            }
         ]
      },
      {
         "ruleName": "Validate the URL host and port for cloud access",
         "ruleId": "URLRuleDockerCloud",
         "ruleHelpLocation": "/ruleinfo/appmigration/cloud/UrlRule.html",
         "devCost": "0",
         "instanceCost": "0",
         "severity": "Information",
         "severityId": "info",
         "recipe": null,
         "alternativeRecipes": [
         ],
         "category": "Connectivity considerations for IBM Cloud (Containers and Virtual machines)",
         "categoryId": "appconversion.cloud.category.connectivity.dockerAndWASOnCloud",
         "totalResults": 1,
         "results": [
            {
               "fileName": "websphere-cafe.war",
               "details": [
                  {
                     "reference": "1",
                     "match": "http://localhost:9080",
                     "lineNumber": 0
                  }
               ]
            }
         ]
      }
   ]
}