<?xml version="1.0" encoding="UTF-8" standalone="no"?>
<!--Generated by IBM TransformationAdvisor 3.9.0
Thu Mar 21 12:27:46 UTC 2024--><server description="Configuration generated by binaryAppScanner">
    <featureManager>
        <!--Generated by IBM TransformationAdvisor 3.9.0 to support metric integration.-->
        <feature>mpMetrics-1.1</feature>
        <!--End features generated by Transformation Advisor-->
        <!--The following features are available in Open Liberty.-->
        <feature>ejbHome-3.2</feature>
        <feature>ejbLite-3.2</feature>
        <feature>jms-2.0</feature>
        <feature>mdb-3.2</feature>
        <feature>transportSecurity-1.0</feature>
    </featureManager>
    <!-- This configuration was migrated on 3/20/24 at 11:28:42 PM from the following location: /opt/IBM/WebSphere/AppServer/profiles/AppSrv01 -->
    <!-- The binary scanner does not support the migration of all WebSphere traditional configuration elements. Check the binary scanner documentation for the list of supported configuration elements. -->
    <applicationManager autoExpand="true"/>
    <httpEndpoint host="${httpEndpoint_host_7}" httpPort="${httpEndpoint_port_7}" httpsPort="${httpEndpoint_secure_port_7}" id="defaultHttpEndpoint"/>
    <enterpriseApplication id="SampleMDBEJBEAR.ear" location="SampleMDBEJBEAR.ear"/>
    <transaction propogatedOrBMTTranLifetimeTimeout="300"/>
    <jmsActivationSpec id="jms/SampleMDBQueueActivationSpec">
        <properties.mqJmsRa brokerCCDurSubQueue="SYSTEM.JMS.D.CC.SUBSCRIBER.QUEUE" brokerCCSubQueue="SYSTEM.JMS.ND.CC.SUBSCRIBER.QUEUE" brokerControlQueue="SYSTEM.BROKER.CONTROL.QUEUE" brokerSubQueue="SYSTEM.JMS.ND.SUBSCRIBER.QUEUE" brokerVersion="1" channel="${SampleMDBQueueActivationSpec_channel}" cleanupInterval="3600000" destination="jms/SampleMDBQueue" hostName="${SampleMDBQueueActivationSpec_hostName}" poolTimeout="300000" port="${SampleMDBQueueActivationSpec_port}" queueManager="${SampleMDBQueueActivationSpec_queueManager}" sparseSubscriptions="FALSE" subscriptionDurability="Nondurable" subscriptionStore="MIGRATE" transportType="BINDINGS_THEN_CLIENT" useJNDI="true"/>
    </jmsActivationSpec>
    <!--<keyStore id="NodeDefaultKeyStore_ghettoes1Node01Cell_KeyStore_ghettoes1Node01_1" location="${NodeDefaultKeyStore_ghettoes1Node01Cell_KeyStore_ghettoes1Node01_1_location}" password="${NodeDefaultKeyStore_ghettoes1Node01Cell_KeyStore_ghettoes1Node01_1_password}"/>-->
    <!--<keyStore id="NodeDefaultTrustStore_ghettoes1Node01Cell_KeyStore_ghettoes1Node01_2" location="${NodeDefaultTrustStore_ghettoes1Node01Cell_KeyStore_ghettoes1Node01_2_location}" password="${NodeDefaultTrustStore_ghettoes1Node01Cell_KeyStore_ghettoes1Node01_2_password}"/>-->
    <!--<ssl id="NodeDefaultSSLSettings_ghettoes1Node01Cell_SSLConfig_ghettoes1Node01_1" keyStoreRef="NodeDefaultKeyStore_ghettoes1Node01Cell_KeyStore_ghettoes1Node01_1" sslProtocol="${NodeDefaultSSLSettings_ghettoes1Node01Cell_SSLConfig_ghettoes1Node01_1_sslProtocol}" trustStoreRef="NodeDefaultTrustStore_ghettoes1Node01Cell_KeyStore_ghettoes1Node01_2"/>-->
    <!--<sslDefault sslRef="NodeDefaultSSLSettings_ghettoes1Node01Cell_SSLConfig_ghettoes1Node01_1"/>-->
    <resourceAdapter id="mqJmsRa" location="${shared.config.dir}/lib/global/wmq.jmsra.rar">
        <classloader apiTypeVisibility="spec, ibm-api, api, third-party"/>
    </resourceAdapter>
    <!-- The following variables, which often differ between environments, have been extracted from the migrated configuration to allow for easy substitution. -->
    <variable defaultValue="*" name="httpEndpoint_host_7"/>
    <variable defaultValue="9080" name="httpEndpoint_port_7"/>
    <variable defaultValue="9443" name="httpEndpoint_secure_port_7"/>
    <!--<variable defaultValue="SampleMDBEJBEAR_ear_ghettoes1Node01_NodeDefaultKeyStore_key.p12" name="NodeDefaultKeyStore_ghettoes1Node01Cell_KeyStore_ghettoes1Node01_1_location"/>-->
    <variable defaultValue="TLS" name="NodeDefaultSSLSettings_ghettoes1Node01Cell_SSLConfig_ghettoes1Node01_1_sslProtocol"/>
    <!--<variable defaultValue="SampleMDBEJBEAR_ear_ghettoes1Node01_NodeDefaultTrustStore_trust.p12" name="NodeDefaultTrustStore_ghettoes1Node01Cell_KeyStore_ghettoes1Node01_2_location"/>-->
    <variable defaultValue="WLP.SVRCONN" name="SampleMDBQueueActivationSpec_channel"/>
    <variable defaultValue="9.46.78.247" name="SampleMDBQueueActivationSpec_hostName"/>
    <variable defaultValue="1415" name="SampleMDBQueueActivationSpec_port"/>
    <variable defaultValue="QM_MDB" name="SampleMDBQueueActivationSpec_queueManager"/>
    <!-- The following variables are used to replace sensitive data in the server.xml file for the application.
         The values for these variables were not collected because the includeSensitiveData option was not specified.
    -->
    <!--<variable defaultValue="" name="NodeDefaultKeyStore_ghettoes1Node01Cell_KeyStore_ghettoes1Node01_1_password"/>-->
    <!--<variable defaultValue="" name="NodeDefaultTrustStore_ghettoes1Node01Cell_KeyStore_ghettoes1Node01_2_password"/>-->
</server>
