{
   "report": "inventory",
   "version": "4.0",
   "productVersion": "24.0.0.1",
   "productRelease": "24.0.0.1",
   "buildID": "v20240324_2333",
   "options": [
      "--includeHelpLocation",
      "--excludePackages=ch.qos,com.cloudant,com.cognos,com.fasterxml,com.filenet,com.ibatis,com.ibm,com.informix,com.lowagie,com.mchange,com.meterware,com.microsoft,com.mongodb,com.mysql,com.sun,com.sybase,filenet,freemarker,groovy,jakarta,java,javax,net,oracle,org,sqlj,sun,twitter4j,_ibmjsp"
   ],
   "applications": [
      "/root/jam/jamEarFiles/GarageSale.ear"
   ],
   "sharedLibraries": [
   ],
   "archives": {
      "ears": 1,
      "wars": 8,
      "rars": 0,
      "ejbs": 6,
      "webFragments": 0,
      "utilityJars": 5,
      "appClients": 0
   },
   "summary": {
      "servlets": 9,
      "jsps": 1,
      "jpaEntities": 10,
      "bmpEntityBeans": 0,
      "cmpEntityBeans": 10,
      "messageDrivenBeans": 1,
      "singletonSessionBeans": 1,
      "statefulSessionBeans": 0,
      "statelessSessionBeans": 15,
      "jaxrpcConsumers": 2,
      "jaxrpcProviders": 12,
      "jaxrsConsumers": 0,
      "jaxrsProviders": 2,
      "jaxwsConsumers": 10,
      "jaxwsProviders": 2,
      "springBeans": 0
   },
   "archiveInventory": [
      {
         "archiveName": "/root/jam/jamEarFiles/GarageSale.ear",
         "moduleType": "Enterprise archive",
         "moduleVersion": "6",
         "metadataComplete": null,
         "moduleSize": 27878017,
         "checksum": "c43782b0d411a61bb26160c8b712d3246f59ff950d031a666a4b47e7a2d58fc1",
         "archives": {
            "wars": 8,
            "rars": 0,
            "ejbs": 6,
            "utilityJars": 5,
            "appClients": 0
         },
         "summary": {
            "servlets": 9,
            "jsps": 1,
            "jpaEntities": 10,
            "bmpEntityBeans": 0,
            "cmpEntityBeans": 10,
            "messageDrivenBeans": 1,
            "singletonSessionBeans": 1,
            "statefulSessionBeans": 0,
            "statelessSessionBeans": 15,
            "jaxrpcConsumers": 2,
            "jaxrpcProviders": 12,
            "jaxrsConsumers": 0,
            "jaxrsProviders": 2,
            "jaxwsConsumers": 10,
            "jaxwsProviders": 2,
            "springBeans": 0
         },
         "potentialDeploymentProblemsSummary": {
            "archivesContainingDuplicateClasses": 14,
            "archivesContainingJavaEEorSEClasses": 3,
            "archivesContainingConflictingOpenSourceSoftwareClasses": 1,
            "archivesContainingWebSphereClasses": 16,
            "archivesNotReferencedInTheApplication": 1,
            "archivesWithMissingDependenciesInTheApplication": 6,
            "classesWithSystemLevelJVMConfiguration": 0,
            "sharedLibrariesReferencingApplicationClasses": 0
         },
         "potentialDeploymentProblemsDetails": [
            {
               "duplicateClassesWithinClassLoader": [
                  {
                     "conflictingPackages": [
                        "com.ibm.ejs.container",
                        "com.ibm.websphere.csi",
                        "org.omg.stub.java.lang",
                        "org.omg.stub.javax.ejb"
                     ],
                     "packageLocation": [
                        "GSEJB.jar",
                        "WSBankEJB.jar",
                        "WSNClient.jar"
                     ]
                  },
                  {
                     "conflictingPackages": [
                        "com.ibm.websphere.svt.gs.cart",
                        "com.ibm.websphere.svt.gs.wrapper"
                     ],
                     "packageLocation": [
                        "GSAdmin.war",
                        "GSEJB.jar",
                        "GSjsf20Web.war",
                        "ShippingAgent.jar"
                     ]
                  },
                  {
                     "conflictingPackages": [
                        "com.ibm.websphere.svt.gs.sdo",
                        "com.ibm.websphere.svt.gs.shipping"
                     ],
                     "packageLocation": [
                        "Shipping.war",
                        "ShippingAgent.jar"
                     ]
                  },
                  {
                     "conflictingPackages": [
                        "com.ibm.websphere.svt.gs.utilities"
                     ],
                     "packageLocation": [
                        "GSjsf20Web.war/GarageSaleUtils.jar",
                        "GSjsf20Web.war/WEB-INF/lib/GarageSaleUtils.jar"
                     ]
                  },
                  {
                     "conflictingPackages": [
                        "com.ibm.websphere.svt.wsbank.ejb"
                     ],
                     "packageLocation": [
                        "GSEJB.jar",
                        "WSBankEJB.jar"
                     ]
                  },
                  {
                     "conflictingPackages": [
                        "com.ibm.websphere.svt.wsn"
                     ],
                     "packageLocation": [
                        "GSEJB.jar",
                        "WSNClient.jar"
                     ]
                  }
               ]
            },
            {
               "duplicateClassesAcrossApplication": [
                  {
                     "conflictingPackages": [
                        "com.ibm.websphere.svt.cc.ejb.session"
                     ],
                     "packageLocation": [
                        "CreditCardEJB.jar",
                        "CreditCardWeb.war",
                        "GSEJB.jar",
                        "ShippingAgent.jar"
                     ]
                  },
                  {
                     "conflictingPackages": [
                        "com.ibm.websphere.svt.cc.wrapper"
                     ],
                     "packageLocation": [
                        "CreditCardEJB.jar",
                        "CreditCardWeb.war",
                        "GSAdmin.war",
                        "GSEJB.jar",
                        "GSjsf20Web.war",
                        "ShippingAgent.jar"
                     ]
                  },
                  {
                     "conflictingPackages": [
                        "com.ibm.websphere.svt.gs.ejbwrapper"
                     ],
                     "packageLocation": [
                        "GSAdmin.war",
                        "GSEJBWrapper.war",
                        "GSjsf20Web.war",
                        "ShippingAgent.jar"
                     ]
                  },
                  {
                     "conflictingPackages": [
                        "com.ibm.websphere.svt.gs.utilities"
                     ],
                     "packageLocation": [
                        "GSAdmin.war/GarageSaleUtils.jar",
                        "GSEJB.jar/GarageSaleUtils.jar",
                        "GSjsf20Web.war/GarageSaleUtils.jar",
                        "GSjsf20Web.war/WEB-INF/lib/GarageSaleUtils.jar",
                        "GarageSaleUtils.jar",
                        "ShippingAgent.jar/GarageSaleUtils.jar"
                     ]
                  }
               ]
            },
            {
               "javaEEandSEClasses": [
                  {
                     "conflictingPackages": [
                        "org.omg.stub.java.lang",
                        "org.omg.stub.javax.ejb"
                     ],
                     "packageLocation": [
                        "GSEJB.jar",
                        "WSBankEJB.jar",
                        "WSNClient.jar"
                     ]
                  },
                  {
                     "conflictingPackages": [
                        "org.omg.stub.java.util"
                     ],
                     "packageLocation": [
                        "GSEJB.jar"
                     ]
                  }
               ]
            },
            {
               "duplicateWebSphereClasses": [
                  {
                     "conflictingPackages": [
                        "com.ibm.websphere.csi"
                     ],
                     "packageLocation": [
                        "GSEJB.jar",
                        "WSBankEJB.jar",
                        "WSNClient.jar"
                     ]
                  },
                  {
                     "conflictingPackages": [
                        "com.ibm.websphere.svt.cc.ejb.entity",
                        "com.ibm.websphere.svt.cc.ejb.session.jaxws"
                     ],
                     "packageLocation": [
                        "CreditCardEJB.jar"
                     ]
                  },
                  {
                     "conflictingPackages": [
                        "com.ibm.websphere.svt.cc.ejb.session"
                     ],
                     "packageLocation": [
                        "CreditCardEJB.jar",
                        "CreditCardWeb.war",
                        "GSEJB.jar",
                        "ShippingAgent.jar"
                     ]
                  },
                  {
                     "conflictingPackages": [
                        "com.ibm.websphere.svt.cc.web"
                     ],
                     "packageLocation": [
                        "CreditCardWeb.war"
                     ]
                  },
                  {
                     "conflictingPackages": [
                        "com.ibm.websphere.svt.cc.wrapper"
                     ],
                     "packageLocation": [
                        "CreditCardEJB.jar",
                        "CreditCardWeb.war",
                        "GSAdmin.war",
                        "GSEJB.jar",
                        "GSjsf20Web.war",
                        "ShippingAgent.jar"
                     ]
                  },
                  {
                     "conflictingPackages": [
                        "com.ibm.websphere.svt.gs",
                        "com.ibm.websphere.svt.gs.shippingAgent.util"
                     ],
                     "packageLocation": [
                        "ShippingAgent.jar"
                     ]
                  },
                  {
                     "conflictingPackages": [
                        "com.ibm.websphere.svt.gs.admin.servlet",
                        "com.ibm.websphere.svt.gs.admin.util"
                     ],
                     "packageLocation": [
                        "GSAdmin.war"
                     ]
                  },
                  {
                     "conflictingPackages": [
                        "com.ibm.websphere.svt.gs.cart",
                        "com.ibm.websphere.svt.gs.wrapper"
                     ],
                     "packageLocation": [
                        "GSAdmin.war",
                        "GSEJB.jar",
                        "GSjsf20Web.war",
                        "ShippingAgent.jar"
                     ]
                  },
                  {
                     "conflictingPackages": [
                        "com.ibm.websphere.svt.gs.cart.beans",
                        "com.ibm.websphere.svt.gs.cinfocc",
                        "com.ibm.websphere.svt.gs.gsjsfweb",
                        "com.ibm.websphere.svt.gs.gsjsfweb.actions",
                        "com.ibm.websphere.svt.gs.gsjsfweb.exceptions",
                        "com.ibm.websphere.svt.gs.gsjsfweb.utils"
                     ],
                     "packageLocation": [
                        "GSjsf20Web.war"
                     ]
                  },
                  {
                     "conflictingPackages": [
                        "com.ibm.websphere.svt.gs.ejb",
                        "com.ibm.websphere.svt.gs.ejb.websphere_deploy",
                        "com.ibm.websphere.svt.gs.ejb.websphere_deploy.DB2UDBAS400_V54_1",
                        "com.ibm.websphere.svt.gs.ejb.websphere_deploy.DB2UDBNT_V82_1",
                        "com.ibm.websphere.svt.gs.ejb.websphere_deploy.DB2UDBNT_V91_1",
                        "com.ibm.websphere.svt.gs.ejb.websphere_deploy.DB2UDBNT_V95_1",
                        "com.ibm.websphere.svt.gs.ejb.websphere_deploy.DB2UDBNT_V97_1",
                        "com.ibm.websphere.svt.gs.ejb.websphere_deploy.DB2UDBNT_V98_1",
                        "com.ibm.websphere.svt.gs.ejb.websphere_deploy.DB2UDBOS390_COMPAT_V9_1",
                        "com.ibm.websphere.svt.gs.ejb.websphere_deploy.DB2UDBOS390_V9_1",
                        "com.ibm.websphere.svt.gs.ejb.websphere_deploy.DERBY_V100_1",
                        "com.ibm.websphere.svt.gs.ejb.websphere_deploy.DERBY_V101_1",
                        "com.ibm.websphere.svt.gs.ejb.websphere_deploy.DERBY_V102_1",
                        "com.ibm.websphere.svt.gs.ejb.websphere_deploy.MSSQLSERVER_V2005_1",
                        "com.ibm.websphere.svt.gs.ejb.websphere_deploy.ORACLE_V10_1",
                        "com.ibm.websphere.svt.gs.ejb.websphere_deploy.ORACLE_V11_1",
                        "com.ibm.websphere.svt.gs.util",
                        "com.ibm.ws.ejbdeploy.JGSEJB.DB2UDBAS400_V54_1",
                        "com.ibm.ws.ejbdeploy.JGSEJB.DB2UDBNT_V82_1",
                        "com.ibm.ws.ejbdeploy.JGSEJB.DB2UDBNT_V91_1",
                        "com.ibm.ws.ejbdeploy.JGSEJB.DB2UDBNT_V95_1",
                        "com.ibm.ws.ejbdeploy.JGSEJB.DB2UDBNT_V97_1",
                        "com.ibm.ws.ejbdeploy.JGSEJB.DB2UDBNT_V98_1",
                        "com.ibm.ws.ejbdeploy.JGSEJB.DB2UDBOS390_COMPAT_V9_1",
                        "com.ibm.ws.ejbdeploy.JGSEJB.DB2UDBOS390_V9_1",
                        "com.ibm.ws.ejbdeploy.JGSEJB.DERBY_V100_1",
                        "com.ibm.ws.ejbdeploy.JGSEJB.DERBY_V101_1",
                        "com.ibm.ws.ejbdeploy.JGSEJB.DERBY_V102_1",
                        "com.ibm.ws.ejbdeploy.JGSEJB.MSSQLSERVER_V2005_1",
                        "com.ibm.ws.ejbdeploy.JGSEJB.ORACLE_V10_1",
                        "com.ibm.ws.ejbdeploy.JGSEJB.ORACLE_V11_1"
                     ],
                     "packageLocation": [
                        "GSEJB.jar"
                     ]
                  },
                  {
                     "conflictingPackages": [
                        "com.ibm.websphere.svt.gs.ejbwrapper"
                     ],
                     "packageLocation": [
                        "GSAdmin.war",
                        "GSEJBWrapper.war",
                        "GSjsf20Web.war",
                        "ShippingAgent.jar"
                     ]
                  },
                  {
                     "conflictingPackages": [
                        "com.ibm.websphere.svt.gs.ejbwrapper.jaxws"
                     ],
                     "packageLocation": [
                        "GSEJBWrapper.war"
                     ]
                  },
                  {
                     "conflictingPackages": [
                        "com.ibm.websphere.svt.gs.sdo"
                     ],
                     "packageLocation": [
                        "GSTest.war",
                        "Shipping.war",
                        "ShippingAgent.jar"
                     ]
                  },
                  {
                     "conflictingPackages": [
                        "com.ibm.websphere.svt.gs.shipping"
                     ],
                     "packageLocation": [
                        "Shipping.war",
                        "ShippingAgent.jar"
                     ]
                  },
                  {
                     "conflictingPackages": [
                        "com.ibm.websphere.svt.gs.tax.entity",
                        "com.ibm.websphere.svt.gs.tax.session"
                     ],
                     "packageLocation": [
                        "GSjsf20Web.war/WEB-INF/lib/ProdReviewTaxShipRateEJB.jar"
                     ]
                  },
                  {
                     "conflictingPackages": [
                        "com.ibm.websphere.svt.gs.utilities"
                     ],
                     "packageLocation": [
                        "GSAdmin.war/GarageSaleUtils.jar",
                        "GSEJB.jar/GarageSaleUtils.jar",
                        "GSjsf20Web.war/GarageSaleUtils.jar",
                        "GSjsf20Web.war/WEB-INF/lib/GarageSaleUtils.jar",
                        "GarageSaleUtils.jar",
                        "ShippingAgent.jar/GarageSaleUtils.jar"
                     ]
                  },
                  {
                     "conflictingPackages": [
                        "com.ibm.websphere.svt.wsbank.ejb"
                     ],
                     "packageLocation": [
                        "GSEJB.jar",
                        "WSBankEJB.jar"
                     ]
                  },
                  {
                     "conflictingPackages": [
                        "com.ibm.websphere.svt.wsbank.ejb.websphere_deploy",
                        "com.ibm.websphere.svt.wsbank.ejb.websphere_deploy.DB2UDBAS400_V54_1",
                        "com.ibm.websphere.svt.wsbank.ejb.websphere_deploy.DB2UDBNT_V82_1",
                        "com.ibm.websphere.svt.wsbank.ejb.websphere_deploy.DB2UDBNT_V91_1",
                        "com.ibm.websphere.svt.wsbank.ejb.websphere_deploy.DB2UDBNT_V95_1",
                        "com.ibm.websphere.svt.wsbank.ejb.websphere_deploy.DB2UDBNT_V97_1",
                        "com.ibm.websphere.svt.wsbank.ejb.websphere_deploy.DB2UDBNT_V98_1",
                        "com.ibm.websphere.svt.wsbank.ejb.websphere_deploy.DB2UDBOS390_COMPAT_V9_1",
                        "com.ibm.websphere.svt.wsbank.ejb.websphere_deploy.DB2UDBOS390_V9_1",
                        "com.ibm.websphere.svt.wsbank.ejb.websphere_deploy.DERBY_V100_1",
                        "com.ibm.websphere.svt.wsbank.ejb.websphere_deploy.DERBY_V101_1",
                        "com.ibm.websphere.svt.wsbank.ejb.websphere_deploy.DERBY_V102_1",
                        "com.ibm.websphere.svt.wsbank.ejb.websphere_deploy.MSSQLSERVER_V2005_1",
                        "com.ibm.websphere.svt.wsbank.ejb.websphere_deploy.ORACLE_V10_1",
                        "com.ibm.websphere.svt.wsbank.ejb.websphere_deploy.ORACLE_V11_1",
                        "com.ibm.websphere.svt.wsbank.ejb.websphere_deploy.ORACLE_V9_1",
                        "com.ibm.websphere.svt.wsbank.util",
                        "com.ibm.ws.ejbdeploy.JWSBankEJB.DB2UDBAS400_V54_1",
                        "com.ibm.ws.ejbdeploy.JWSBankEJB.DB2UDBNT_V82_1",
                        "com.ibm.ws.ejbdeploy.JWSBankEJB.DB2UDBNT_V91_1",
                        "com.ibm.ws.ejbdeploy.JWSBankEJB.DB2UDBNT_V95_1",
                        "com.ibm.ws.ejbdeploy.JWSBankEJB.DB2UDBNT_V97_1",
                        "com.ibm.ws.ejbdeploy.JWSBankEJB.DB2UDBNT_V98_1",
                        "com.ibm.ws.ejbdeploy.JWSBankEJB.DB2UDBOS390_COMPAT_V9_1",
                        "com.ibm.ws.ejbdeploy.JWSBankEJB.DB2UDBOS390_V9_1",
                        "com.ibm.ws.ejbdeploy.JWSBankEJB.DERBY_V100_1",
                        "com.ibm.ws.ejbdeploy.JWSBankEJB.DERBY_V101_1",
                        "com.ibm.ws.ejbdeploy.JWSBankEJB.DERBY_V102_1",
                        "com.ibm.ws.ejbdeploy.JWSBankEJB.MSSQLSERVER_V2005_1",
                        "com.ibm.ws.ejbdeploy.JWSBankEJB.ORACLE_V10_1",
                        "com.ibm.ws.ejbdeploy.JWSBankEJB.ORACLE_V11_1",
                        "com.ibm.ws.ejbdeploy.JWSBankEJB.ORACLE_V9_1"
                     ],
                     "packageLocation": [
                        "WSBankEJB.jar"
                     ]
                  },
                  {
                     "conflictingPackages": [
                        "com.ibm.websphere.svt.wsn"
                     ],
                     "packageLocation": [
                        "GSEJB.jar",
                        "WSNClient.jar"
                     ]
                  },
                  {
                     "conflictingPackages": [
                        "com.ibm.websphere.svt.wsn.utils"
                     ],
                     "packageLocation": [
                        "WSNClient.jar"
                     ]
                  }
               ]
            },
            {
               "openSourceSoftwareClasses": [
                  {
                     "conflictingPackages": [
                        "org.w3.www"
                     ],
                     "packageLocation": [
                        "WSNClient.jar"
                     ],
                     "appliesTo": [
                        "V9.0"
                     ]
                  }
               ]
            },
            {
               "archivesNotReferenced": [
                  {
                     "archive": "GSjsf20Web.war/WEB-INF/lib/dojo-faces-1.3_00.jar",
                     "referencedBy": "",
                     "checksum": "3eb10110561d9b4127d7f01eb56d5783214673365790a9df290d36799c202237"
                  }
               ]
            },
            {
               "missingDependencies": [
                  {
                     "missingDependencies": [
                        "com.ibm.ObjectQuery.metadata"
                     ],
                     "archive": [
                        "GSEJB.jar",
                        "WSBankEJB.jar"
                     ]
                  },
                  {
                     "missingDependencies": [
                        "com.ibm.wsspi.wsaddressing"
                     ],
                     "archive": [
                        "WSNClient.jar"
                     ]
                  },
                  {
                     "missingDependencies": [
                        "commonj.sdo",
                        "org.eclipse.emf.common.util",
                        "org.eclipse.emf.ecore.resource",
                        "org.eclipse.emf.ecore.sdo",
                        "org.eclipse.emf.ecore.sdo.util"
                     ],
                     "archive": [
                        "Shipping.war",
                        "ShippingAgent.jar"
                     ]
                  },
                  {
                     "missingDependencies": [
                        "org.apache.wink.client"
                     ],
                     "archive": [
                        "GSjsf20Web.war"
                     ]
                  },
                  {
                     "missingDependencies": [
                        "org.eclipse.emf.ecore",
                        "org.eclipse.emf.ecore.sdo.impl",
                        "org.eclipse.emf.ecore.util"
                     ],
                     "archive": [
                        "ShippingAgent.jar"
                     ]
                  }
               ]
            },
            {
               "classesWithSystemLevelJVMConfiguration": [
               ]
            },
            {
               "sharedLibraryDependencies": [
               ]
            }
         ],
         "performanceConsiderations": {
            "archivesThatAreCandidatesForMetadataCompleteTrueAttribute": [
               "CreditCardEJB_HTTPRouter.war"
            ],
            "webModulesWithExcessiveClassFiles": [
               {
                  "archiveName": "CreditCardWeb.war",
                  "numberOfFiles": 24
               },
               {
                  "archiveName": "GSAdmin.war",
                  "numberOfFiles": 86
               },
               {
                  "archiveName": "GSEJBWrapper.war",
                  "numberOfFiles": 62
               },
               {
                  "archiveName": "GSjsf20Web.war",
                  "numberOfFiles": 128
               }
            ],
            "webModulesWithExcessiveStaticResources": [
               {
                  "archiveName": "GSjsf20Web.war",
                  "numberOfFiles": 2353
               }
            ]
         },
         "containedArchiveInventory": [
            {
               "archiveName": "/root/jam/jamEarFiles/GarageSale.ear/CreditCardEJB.jar",
               "moduleType": "EJB module",
               "moduleVersion": "3.0",
               "metadataComplete": "false",
               "checksum": "bc861fcbfd67e97e6c4ca426f83f53186492c027bcab662cfc42d9789c8d5c8b",
               "summary": {
                  "servlets": 0,
                  "jsps": 0,
                  "jpaEntities": 5,
                  "bmpEntityBeans": 0,
                  "cmpEntityBeans": 0,
                  "messageDrivenBeans": 0,
                  "singletonSessionBeans": 0,
                  "statefulSessionBeans": 0,
                  "statelessSessionBeans": 6,
                  "jaxrpcConsumers": 0,
                  "jaxrpcProviders": 0,
                  "jaxrsConsumers": 0,
                  "jaxrsProviders": 0,
                  "jaxwsConsumers": 0,
                  "jaxwsProviders": 1,
                  "springBeans": 0
               }
            },
            {
               "archiveName": "/root/jam/jamEarFiles/GarageSale.ear/CreditCardEJB_HTTPRouter.war",
               "moduleType": "Web module",
               "moduleVersion": "2.5",
               "metadataComplete": "Unspecified",
               "checksum": "e3b0c44298fc1c149afbf4c8996fb92427ae41e4649b934ca495991b7852b855",
               "archives": {
                  "ejbs": 0,
                  "webFragments": 0,
                  "utilityJars": 0
               },
               "summary": {
                  "servlets": 1,
                  "jsps": 0,
                  "jpaEntities": 0,
                  "bmpEntityBeans": 0,
                  "cmpEntityBeans": 0,
                  "messageDrivenBeans": 0,
                  "singletonSessionBeans": 0,
                  "statefulSessionBeans": 0,
                  "statelessSessionBeans": 0,
                  "jaxrpcConsumers": 0,
                  "jaxrpcProviders": 0,
                  "jaxrsConsumers": 0,
                  "jaxrsProviders": 0,
                  "jaxwsConsumers": 0,
                  "jaxwsProviders": 0,
                  "springBeans": 0
               }
            },
            {
               "archiveName": "/root/jam/jamEarFiles/GarageSale.ear/CreditCardWeb.war",
               "moduleType": "Web module",
               "moduleVersion": "2.5",
               "metadataComplete": "Unspecified",
               "checksum": "730c0f01ea615309b74fe6303c06437ef43cafbbfe229b2d6535167ab0499c29",
               "archives": {
                  "ejbs": 0,
                  "webFragments": 0,
                  "utilityJars": 0
               },
               "summary": {
                  "servlets": 1,
                  "jsps": 1,
                  "jpaEntities": 0,
                  "bmpEntityBeans": 0,
                  "cmpEntityBeans": 0,
                  "messageDrivenBeans": 0,
                  "singletonSessionBeans": 0,
                  "statefulSessionBeans": 0,
                  "statelessSessionBeans": 0,
                  "jaxrpcConsumers": 0,
                  "jaxrpcProviders": 0,
                  "jaxrsConsumers": 0,
                  "jaxrsProviders": 0,
                  "jaxwsConsumers": 2,
                  "jaxwsProviders": 0,
                  "springBeans": 0
               }
            },
            {
               "archiveName": "/root/jam/jamEarFiles/GarageSale.ear/GSAdmin.war",
               "moduleType": "Web module",
               "moduleVersion": "2.4",
               "metadataComplete": "true",
               "checksum": "428a629bdbc543329d00e988fe7cec02a14609d79b1fb749e7dc9aaf6f128741",
               "archives": {
                  "ejbs": 0,
                  "webFragments": 0,
                  "utilityJars": 1
               },
               "summary": {
                  "servlets": 3,
                  "jsps": 0,
                  "jpaEntities": 0,
                  "bmpEntityBeans": 0,
                  "cmpEntityBeans": 0,
                  "messageDrivenBeans": 0,
                  "singletonSessionBeans": 0,
                  "statefulSessionBeans": 0,
                  "statelessSessionBeans": 0,
                  "jaxrpcConsumers": 0,
                  "jaxrpcProviders": 0,
                  "jaxrsConsumers": 0,
                  "jaxrsProviders": 0,
                  "jaxwsConsumers": 2,
                  "jaxwsProviders": 0,
                  "springBeans": 0
               },
               "containedArchiveInventory": [
                  {
                     "archiveName": "/root/jam/jamEarFiles/GarageSale.ear/GSAdmin.war/GarageSaleUtils.jar",
                     "moduleType": "Utility JAR",
                     "checksum": "258f9b1aa556b875e9ac0da0070e7a5ece9a5e08e394b01bacaed4e0f25d7630",
                     "containedPackages": [
                        "com.ibm.websphere"
                     ]
                  }
               ]
            },
            {
               "archiveName": "/root/jam/jamEarFiles/GarageSale.ear/GSEJB.jar",
               "moduleType": "EJB module",
               "moduleVersion": "2.1",
               "metadataComplete": "true",
               "checksum": "27d1457c2a89f2bd05fdd7ac9a123e9fe3eed8dfd6bc50ed80207aa989d846a6",
               "summary": {
                  "servlets": 0,
                  "jsps": 0,
                  "jpaEntities": 0,
                  "bmpEntityBeans": 0,
                  "cmpEntityBeans": 7,
                  "messageDrivenBeans": 0,
                  "singletonSessionBeans": 0,
                  "statefulSessionBeans": 0,
                  "statelessSessionBeans": 1,
                  "jaxrpcConsumers": 1,
                  "jaxrpcProviders": 5,
                  "jaxrsConsumers": 0,
                  "jaxrsProviders": 0,
                  "jaxwsConsumers": 2,
                  "jaxwsProviders": 0,
                  "springBeans": 0
               }
            },
            {
               "archiveName": "/root/jam/jamEarFiles/GarageSale.ear/GSEJBWrapper.war",
               "moduleType": "Web module",
               "moduleVersion": "2.4",
               "metadataComplete": "true",
               "checksum": "7205e11c006f42b8f965ff90b1a59ea24c5dd41ea11ba61401b7af4441bc5bcd",
               "archives": {
                  "ejbs": 0,
                  "webFragments": 0,
                  "utilityJars": 0
               },
               "summary": {
                  "servlets": 0,
                  "jsps": 0,
                  "jpaEntities": 0,
                  "bmpEntityBeans": 0,
                  "cmpEntityBeans": 0,
                  "messageDrivenBeans": 0,
                  "singletonSessionBeans": 0,
                  "statefulSessionBeans": 0,
                  "statelessSessionBeans": 0,
                  "jaxrpcConsumers": 0,
                  "jaxrpcProviders": 0,
                  "jaxrsConsumers": 0,
                  "jaxrsProviders": 0,
                  "jaxwsConsumers": 0,
                  "jaxwsProviders": 1,
                  "springBeans": 0
               }
            },
            {
               "archiveName": "/root/jam/jamEarFiles/GarageSale.ear/GSTest.war",
               "moduleType": "Web module",
               "moduleVersion": "2.4",
               "metadataComplete": "true",
               "checksum": "cae88e810b7f22e1bdb4e1a0369f539794014edac44048ea671be9f38ad42539",
               "archives": {
                  "ejbs": 0,
                  "webFragments": 0,
                  "utilityJars": 0
               },
               "summary": {
                  "servlets": 1,
                  "jsps": 0,
                  "jpaEntities": 0,
                  "bmpEntityBeans": 0,
                  "cmpEntityBeans": 0,
                  "messageDrivenBeans": 0,
                  "singletonSessionBeans": 0,
                  "statefulSessionBeans": 0,
                  "statelessSessionBeans": 0,
                  "jaxrpcConsumers": 0,
                  "jaxrpcProviders": 0,
                  "jaxrsConsumers": 0,
                  "jaxrsProviders": 0,
                  "jaxwsConsumers": 0,
                  "jaxwsProviders": 0,
                  "springBeans": 0
               }
            },
            {
               "archiveName": "/root/jam/jamEarFiles/GarageSale.ear/GSjsf20Web.war",
               "moduleType": "Web module",
               "moduleVersion": "3.0",
               "metadataComplete": "Unspecified",
               "checksum": "9079e9f2d7bb297fd218c3ac7e4deb15123f73a63212c5f11ffe2808d1e1b089",
               "archives": {
                  "ejbs": 1,
                  "webFragments": 0,
                  "utilityJars": 3
               },
               "summary": {
                  "servlets": 1,
                  "jsps": 0,
                  "jpaEntities": 5,
                  "bmpEntityBeans": 0,
                  "cmpEntityBeans": 0,
                  "messageDrivenBeans": 0,
                  "singletonSessionBeans": 1,
                  "statefulSessionBeans": 0,
                  "statelessSessionBeans": 6,
                  "jaxrpcConsumers": 0,
                  "jaxrpcProviders": 0,
                  "jaxrsConsumers": 0,
                  "jaxrsProviders": 2,
                  "jaxwsConsumers": 2,
                  "jaxwsProviders": 0,
                  "springBeans": 0
               },
               "containedArchiveInventory": [
                  {
                     "archiveName": "/root/jam/jamEarFiles/GarageSale.ear/GSjsf20Web.war/GarageSaleUtils.jar",
                     "moduleType": "Utility JAR",
                     "checksum": "258f9b1aa556b875e9ac0da0070e7a5ece9a5e08e394b01bacaed4e0f25d7630",
                     "containedPackages": [
                        "com.ibm.websphere"
                     ]
                  },
                  {
                     "archiveName": "/root/jam/jamEarFiles/GarageSale.ear/GSjsf20Web.war/WEB-INF/lib/GarageSaleUtils.jar",
                     "moduleType": "Utility JAR",
                     "checksum": "258f9b1aa556b875e9ac0da0070e7a5ece9a5e08e394b01bacaed4e0f25d7630",
                     "containedPackages": [
                        "com.ibm.websphere"
                     ]
                  },
                  {
                     "archiveName": "/root/jam/jamEarFiles/GarageSale.ear/GSjsf20Web.war/WEB-INF/lib/ProdReviewTaxShipRateEJB.jar",
                     "moduleType": "EJB module",
                     "moduleVersion": null,
                     "metadataComplete": "Unspecified",
                     "checksum": "898e3d88e2f9a6ed21dd0f1cbf518aee54ffa1b60c02c40c737a700379e59125",
                     "summary": {
                        "servlets": 0,
                        "jsps": 0,
                        "jpaEntities": 5,
                        "bmpEntityBeans": 0,
                        "cmpEntityBeans": 0,
                        "messageDrivenBeans": 0,
                        "singletonSessionBeans": 1,
                        "statefulSessionBeans": 0,
                        "statelessSessionBeans": 6,
                        "jaxrpcConsumers": 0,
                        "jaxrpcProviders": 0,
                        "jaxrsConsumers": 0,
                        "jaxrsProviders": 2,
                        "jaxwsConsumers": 0,
                        "jaxwsProviders": 0,
                        "springBeans": 0
                     }
                  },
                  {
                     "archiveName": "/root/jam/jamEarFiles/GarageSale.ear/GSjsf20Web.war/WEB-INF/lib/dojo-faces-1.3_00.jar",
                     "moduleType": "Utility JAR",
                     "checksum": "3eb10110561d9b4127d7f01eb56d5783214673365790a9df290d36799c202237",
                     "containedPackages": [
                        "org.j4fry.dojo",
                        "org.j4fry.json"
                     ]
                  }
               ]
            },
            {
               "archiveName": "/root/jam/jamEarFiles/GarageSale.ear/GarageSaleUtils.jar",
               "moduleType": "Utility JAR",
               "checksum": "258f9b1aa556b875e9ac0da0070e7a5ece9a5e08e394b01bacaed4e0f25d7630",
               "containedPackages": [
                  "com.ibm.websphere"
               ]
            },
            {
               "archiveName": "/root/jam/jamEarFiles/GarageSale.ear/Shipping.war",
               "moduleType": "Web module",
               "moduleVersion": "2.4",
               "metadataComplete": "true",
               "checksum": "ae8d311beef93f2728d98e219bffb0c22292b74895ecf87f40d2ce71e9d95dd8",
               "archives": {
                  "ejbs": 0,
                  "webFragments": 0,
                  "utilityJars": 0
               },
               "summary": {
                  "servlets": 1,
                  "jsps": 0,
                  "jpaEntities": 0,
                  "bmpEntityBeans": 0,
                  "cmpEntityBeans": 0,
                  "messageDrivenBeans": 0,
                  "singletonSessionBeans": 0,
                  "statefulSessionBeans": 0,
                  "statelessSessionBeans": 0,
                  "jaxrpcConsumers": 0,
                  "jaxrpcProviders": 1,
                  "jaxrsConsumers": 0,
                  "jaxrsProviders": 0,
                  "jaxwsConsumers": 0,
                  "jaxwsProviders": 0,
                  "springBeans": 0
               }
            },
            {
               "archiveName": "/root/jam/jamEarFiles/GarageSale.ear/ShippingAgent.jar",
               "moduleType": "EJB module",
               "moduleVersion": "2.1",
               "metadataComplete": "true",
               "checksum": "e7b196eabbe2cf59f55c34a7bf7fca8ecfe77f3c504fb37b84ab6d0af01fac25",
               "summary": {
                  "servlets": 0,
                  "jsps": 0,
                  "jpaEntities": 0,
                  "bmpEntityBeans": 0,
                  "cmpEntityBeans": 0,
                  "messageDrivenBeans": 1,
                  "singletonSessionBeans": 0,
                  "statefulSessionBeans": 0,
                  "statelessSessionBeans": 0,
                  "jaxrpcConsumers": 1,
                  "jaxrpcProviders": 1,
                  "jaxrsConsumers": 0,
                  "jaxrsProviders": 0,
                  "jaxwsConsumers": 2,
                  "jaxwsProviders": 0,
                  "springBeans": 0
               }
            },
            {
               "archiveName": "/root/jam/jamEarFiles/GarageSale.ear/WSBankEJB.jar",
               "moduleType": "EJB module",
               "moduleVersion": "2.1",
               "metadataComplete": "true",
               "checksum": "6cd6d3f272e07c85912b2fdc5c485db01354c0f8431072961960b37b388a6e50",
               "summary": {
                  "servlets": 0,
                  "jsps": 0,
                  "jpaEntities": 0,
                  "bmpEntityBeans": 0,
                  "cmpEntityBeans": 3,
                  "messageDrivenBeans": 0,
                  "singletonSessionBeans": 0,
                  "statefulSessionBeans": 0,
                  "statelessSessionBeans": 1,
                  "jaxrpcConsumers": 0,
                  "jaxrpcProviders": 5,
                  "jaxrsConsumers": 0,
                  "jaxrsProviders": 0,
                  "jaxwsConsumers": 0,
                  "jaxwsProviders": 0,
                  "springBeans": 0
               }
            },
            {
               "archiveName": "/root/jam/jamEarFiles/GarageSale.ear/WSBankEJB_HTTPRouter.war",
               "moduleType": "Web module",
               "moduleVersion": "2.4",
               "metadataComplete": "true",
               "checksum": "e3b0c44298fc1c149afbf4c8996fb92427ae41e4649b934ca495991b7852b855",
               "archives": {
                  "ejbs": 0,
                  "webFragments": 0,
                  "utilityJars": 0
               },
               "summary": {
                  "servlets": 1,
                  "jsps": 0,
                  "jpaEntities": 0,
                  "bmpEntityBeans": 0,
                  "cmpEntityBeans": 0,
                  "messageDrivenBeans": 0,
                  "singletonSessionBeans": 0,
                  "statefulSessionBeans": 0,
                  "statelessSessionBeans": 0,
                  "jaxrpcConsumers": 0,
                  "jaxrpcProviders": 0,
                  "jaxrsConsumers": 0,
                  "jaxrsProviders": 0,
                  "jaxwsConsumers": 0,
                  "jaxwsProviders": 0,
                  "springBeans": 0
               }
            },
            {
               "archiveName": "/root/jam/jamEarFiles/GarageSale.ear/WSNClient.jar",
               "moduleType": "EJB module",
               "moduleVersion": "2.1",
               "metadataComplete": "true",
               "checksum": "4c0a991f10f5f42dfe54498c04f109504b31ab555777dce239388cc7cc36360a",
               "summary": {
                  "servlets": 0,
                  "jsps": 0,
                  "jpaEntities": 0,
                  "bmpEntityBeans": 0,
                  "cmpEntityBeans": 0,
                  "messageDrivenBeans": 0,
                  "singletonSessionBeans": 0,
                  "statefulSessionBeans": 0,
                  "statelessSessionBeans": 1,
                  "jaxrpcConsumers": 0,
                  "jaxrpcProviders": 0,
                  "jaxrsConsumers": 0,
                  "jaxrsProviders": 0,
                  "jaxwsConsumers": 0,
                  "jaxwsProviders": 0,
                  "springBeans": 0
               }
            }
         ]
      }
   ],
   "sharedLibraryDetails": [
   ]
}