<?xml version="1.0" encoding="UTF-8" standalone="no"?>
<!--Generated by IBM TransformationAdvisor 3.10.0 Tue Apr 23 14:06:45 UTC 2024--><server description="Configuration generated by binaryAppScanner">
    <featureManager>
        <feature>jsp-2.3</feature>
        <feature>ejbLite-3.2</feature>
        <feature>servlet-3.1</feature>
        <feature>mpMetrics-1.1</feature>
        <feature>jndi-1.0</feature>
        <feature>ldapRegistry-3.0</feature>
        <feature>cdi-1.2</feature>
        <feature>appSecurity-2.0</feature>
        <feature>jdbc-4.1</feature>
    </featureManager>
</server>
