<?xml version="1.0" encoding="UTF-8" standalone="no"?>
<!--Generated by IBM TransformationAdvisor 3.8.0
Fri Dec 01 16:46:35 UTC 2023--><server description="Configuration generated by binaryAppScanner">
    <featureManager>
        <!--Generated by IBM TransformationAdvisor 3.8.0 to support metric integration.-->
        <feature>mpMetrics-1.1</feature>
        <!--End features generated by Transformation Advisor-->
        <!--The following features are available in Open Liberty.-->
        <feature>appSecurity-2.0</feature>
        <feature>ejbLite-3.2</feature>
        <feature>jdbc-4.1</feature>
        <feature>jndi-1.0</feature>
        <feature>jsp-2.3</feature>
        <feature>ldapRegistry-3.0</feature>
        <feature>servlet-3.1</feature>
    </featureManager>
    <!-- This configuration was migrated on 3/24/21 at 1:34:40 PM from the following location: /opt/WebSphere85/AppServer/profiles/AppSrv01 -->
    <!-- The binary scanner does not support the migration of all WebSphere traditional configuration elements. Check the binary scanner documentation for the list of supported configuration elements. -->
    <applicationManager autoExpand="true"/>
    <httpEndpoint host="${httpEndpoint_host_1}" httpPort="${httpEndpoint_port_1}" httpsPort="${httpEndpoint_secure_port_1}" id="defaultHttpEndpoint"/>
    <!-- Some or all of the bindings that are migrated for this application might exist in the application archive. If so, the duplicate bindings can be removed from this server.xml file. Any binding configuration that is specified in this server.xml file takes precedence over the corresponding binding configuration in the application archive. -->
    <enterpriseApplication location="APRS.ear">
        <web-ext context-root="aprsWeb" moduleName="aprsWeb"/>
    </enterpriseApplication>
    <httpSession securityIntegrationEnabled="false"/>
    <authData id="hq-rhd-0077CellManager01/APRS" password="${hq_rhd_0077CellManager01_APRS_password_1}" user="${hq_rhd_0077CellManager01_APRS_user_1}"/>
    <jdbcDriver id="APRS_Oracle_JDBC_Driver">
        <library>
            <file name="${shared.config.dir}/lib/global/ojdbc8.jar"/>
        </library>
    </jdbcDriver>
    <dataSource containerAuthDataRef="hq-rhd-0077CellManager01/APRS" id="APRSDataSource" jdbcDriverRef="APRS_Oracle_JDBC_Driver" jndiName="jdbc/APRS" type="javax.sql.ConnectionPoolDataSource">
        <properties.oracle URL="${APRSDataSource_URL_1}"/>
        <connectionManager connectionTimeout="180" maxPoolSize="16"/>
    </dataSource>
    <jndiEntry id="SSAEnvironment" jndiName="cell/persistent/SSAEnvironment" value="&quot;dev&quot;"/>
    <!-- This LDAP registry is configured with SSL, but the binary scanner does not support the migration of SSL configuration. Manually migrate any necessary SSL configuration. -->
    <ldapRegistry baseDN="${ldapRegistry_baseDN_2}" bindDN="${ldapRegistry_bindDN_1}" bindPassword="${ldapRegistry_bindPassword_1}" host="${ldapRegistry_host_2}" ldapType="IBM Tivoli Directory Server" port="${ldapRegistry_port_2}" realm="ldapdev.ba.ssa.gov:636" searchTimeout="120s" sslEnabled="true">
        <idsFilters groupFilter="(&amp;(cn=%v)(|(objectclass=groupOfNames)(objectclass=groupOfUniqueNames)))" groupMemberIdMap="ibm-allGroups:member;ibm-allGroups:uniqueMember" userFilter="(&amp;(uid=%v)(objectclass=Person))"/>
    </ldapRegistry>
    <!-- The following variables, which often differ between environments, have been extracted from the migrated configuration to allow for easy substitution. -->
    <variable defaultValue="jdbc:oracle:thin:@ldap://pvoid.ba.ssa.gov:3060/dpapss01,cn=OracleContext,dc=ba,dc=ssa,dc=gov" name="APRSDataSource_URL_1"/>
    <variable defaultValue="ldapdev.ba.ssa.gov" name="ldapRegistry_host_2"/>
    <variable defaultValue="9080" name="httpEndpoint_port_1"/>
    <variable defaultValue="ou=ssa,o=u.s.government,c=us" name="ldapRegistry_baseDN_2"/>
    <variable defaultValue="*" name="httpEndpoint_host_1"/>
    <variable defaultValue="636" name="ldapRegistry_port_2"/>
    <variable defaultValue="9443" name="httpEndpoint_secure_port_1"/>
    <variable defaultValue="/opt/dbDrivers/oracle/home/jdbc/lib" name="ORACLE_JDBC_DRIVER_PATH"/>
    <variable defaultValue="" name="hq_rhd_0077CellManager01_APRS_password_1"/>
    <variable defaultValue="" name="hq_rhd_0077CellManager01_APRS_user_1"/>
    <variable defaultValue="" name="ldapRegistry_bindDN_1"/>
    <variable defaultValue="" name="ldapRegistry_bindPassword_1"/>
</server>
