{
   "report": "inventory",
   "version": "4.0",
   "productVersion": "24.0.0.1",
   "productRelease": "24.0.0.1",
   "buildID": "v20240324_2333",
   "options": [
      "--includeHelpLocation",
      "--excludePackages=ch.qos,com.cloudant,com.cognos,com.fasterxml,com.filenet,com.ibatis,com.ibm,com.informix,com.lowagie,com.mchange,com.meterware,com.microsoft,com.mongodb,com.mysql,com.sun,com.sybase,filenet,freemarker,groovy,jakarta,java,javax,net,oracle,org,sqlj,sun,twitter4j,_ibmjsp"
   ],
   "applications": [
      "/root/source/gas/mvn-tWAS-gasstationmodule/target/GasStationModule.war"
   ],
   "sharedLibraries": [
   ],
   "archives": {
      "ears": 0,
      "wars": 1,
      "rars": 0,
      "ejbs": 3,
      "webFragments": 0,
      "utilityJars": 18,
      "appClients": 0
   },
   "summary": {
      "servlets": 5,
      "jsps": 73,
      "jpaEntities": 46,
      "bmpEntityBeans": 0,
      "cmpEntityBeans": 0,
      "messageDrivenBeans": 5,
      "singletonSessionBeans": 1,
      "statefulSessionBeans": 1,
      "statelessSessionBeans": 17,
      "jaxrpcConsumers": 0,
      "jaxrpcProviders": 0,
      "jaxrsConsumers": 0,
      "jaxrsProviders": 0,
      "jaxwsConsumers": 0,
      "jaxwsProviders": 0,
      "springBeans": 0
   },
   "archiveInventory": [
      {
         "archiveName": "/root/source/gas/mvn-tWAS-gasstationmodule/target/GasStationModule.war",
         "moduleType": "Web module",
         "moduleVersion": "3.1",
         "metadataComplete": "Unspecified",
         "moduleSize": 18339865,
         "checksum": "1126dbc7e310460c7fc5b77e1a780fbc3f9554350cf895746db1d47df9d19a37",
         "archives": {
            "ejbs": 3,
            "webFragments": 0,
            "utilityJars": 18
         },
         "summary": {
            "servlets": 5,
            "jsps": 73,
            "jpaEntities": 46,
            "bmpEntityBeans": 0,
            "cmpEntityBeans": 0,
            "messageDrivenBeans": 5,
            "singletonSessionBeans": 1,
            "statefulSessionBeans": 1,
            "statelessSessionBeans": 17,
            "jaxrpcConsumers": 0,
            "jaxrpcProviders": 0,
            "jaxrsConsumers": 0,
            "jaxrsProviders": 0,
            "jaxwsConsumers": 0,
            "jaxwsProviders": 0,
            "springBeans": 0
         },
         "potentialDeploymentProblemsSummary": {
            "archivesContainingDuplicateClasses": 10,
            "archivesContainingJavaEEorSEClasses": 0,
            "archivesContainingConflictingOpenSourceSoftwareClasses": 6,
            "archivesContainingWebSphereClasses": 0,
            "archivesNotReferencedInTheApplication": 7,
            "archivesWithMissingDependenciesInTheApplication": 9,
            "classesWithSystemLevelJVMConfiguration": 0,
            "sharedLibrariesReferencingApplicationClasses": 0
         },
         "potentialDeploymentProblemsDetails": [
            {
               "duplicateClassesWithinClassLoader": [
                  {
                     "conflictingPackages": [
                        "com.ibm.svt.populateModule.grade",
                        "com.ibm.svt.populateModule.utils"
                     ],
                     "packageLocation": [
                        "GasStationModule.war",
                        "StationBusinessEJBs.jar"
                     ]
                  },
                  {
                     "conflictingPackages": [
                        "com.ibm.svt.stationModule.gas.maintenance",
                        "com.ibm.svt.stationModule.gas.recvMessages",
                        "com.ibm.svt.stationModule.gas.station",
                        "com.ibm.svt.stationModule.gas.util"
                     ],
                     "packageLocation": [
                        "GasStationModule.war",
                        "Station_Manager.jar"
                     ]
                  },
                  {
                     "conflictingPackages": [
                        "com.ibm.svt.stationModule.gas.stationEntities",
                        "com.ibm.svt.stationModule.gas.stationEntities.validators"
                     ],
                     "packageLocation": [
                        "GasStationModule.war",
                        "Station_Entities.jar"
                     ]
                  },
                  {
                     "conflictingPackages": [
                        "com.ibm.svt.stationModule.gas.stationSecureEntities",
                        "com.ibm.svt.stationModule.gas.stationSecureEntities.validators"
                     ],
                     "packageLocation": [
                        "GasStationModule.war",
                        "StationSecure_Entities.jar"
                     ]
                  },
                  {
                     "conflictingPackages": [
                        "com.ibm.svt.stationModule.sequenceEntities"
                     ],
                     "packageLocation": [
                        "GasStationModule.war",
                        "Sequence_Entities.jar"
                     ]
                  },
                  {
                     "conflictingPackages": [
                        "com.ibm.svt.stationModule.store.storeItemEntities"
                     ],
                     "packageLocation": [
                        "GasStationModule.war",
                        "Store_ItemEntities.jar"
                     ]
                  },
                  {
                     "conflictingPackages": [
                        "com.ibm.svt.stationModule.store.storeSaleEntities"
                     ],
                     "packageLocation": [
                        "GasStationModule.war",
                        "Store_SaleEntities.jar"
                     ]
                  }
               ]
            },
            {
               "duplicateClassesAcrossApplication": [
                  {
                     "conflictingPackages": [
                        "com.ibm.svt.stationModule.failureLog"
                     ],
                     "packageLocation": [
                        "FailureLog_Manager.jar",
                        "GasStationModule.war"
                     ]
                  },
                  {
                     "conflictingPackages": [
                        "com.ibm.svt.stationModule.failureLogEntities"
                     ],
                     "packageLocation": [
                        "FailureLog_Entities.jar",
                        "GasStationModule.war"
                     ]
                  }
               ]
            },
            {
               "javaEEandSEClasses": [
               ]
            },
            {
               "duplicateWebSphereClasses": [
               ]
            },
            {
               "openSourceSoftwareClasses": [
                  {
                     "conflictingPackages": [
                        "org.apache.commons.codec.binary"
                     ],
                     "packageLocation": [
                        "commons-codec-1.10.jar"
                     ],
                     "appliesTo": [
                        "V8.5.5",
                        "V9.0"
                     ]
                  },
                  {
                     "conflictingPackages": [
                        "org.apache.commons.el",
                        "org.apache.commons.el.parser"
                     ],
                     "packageLocation": [
                        "commons-el.jar"
                     ],
                     "appliesTo": [
                        "V8.5.5",
                        "V9.0"
                     ]
                  },
                  {
                     "conflictingPackages": [
                        "org.apache.commons.fileupload",
                        "org.apache.commons.fileupload.disk",
                        "org.apache.commons.fileupload.portlet",
                        "org.apache.commons.fileupload.servlet",
                        "org.apache.commons.fileupload.util",
                        "org.apache.commons.fileupload.util.mime"
                     ],
                     "packageLocation": [
                        "commons-fileupload-1.3.1.jar"
                     ],
                     "appliesTo": [
                        "V8.5.5",
                        "V9.0"
                     ]
                  },
                  {
                     "conflictingPackages": [
                        "org.apache.commons.lang3"
                     ],
                     "packageLocation": [
                        "commons-lang3-3.4.jar"
                     ],
                     "appliesTo": [
                        "V9.0"
                     ]
                  },
                  {
                     "conflictingPackages": [
                        "org.apache.commons.logging",
                        "org.apache.commons.logging.impl"
                     ],
                     "packageLocation": [
                        "commons-logging-1.2.jar"
                     ],
                     "appliesTo": [
                        "V8.5.5",
                        "V9.0"
                     ]
                  },
                  {
                     "conflictingPackages": [
                        "org.apache.myfaces.component",
                        "org.apache.myfaces.component.html.ext",
                        "org.apache.myfaces.component.html.util",
                        "org.apache.myfaces.convert",
                        "org.apache.myfaces.converter",
                        "org.apache.myfaces.custom",
                        "org.apache.myfaces.custom.aliasbean",
                        "org.apache.myfaces.custom.autoscroll",
                        "org.apache.myfaces.custom.buffer",
                        "org.apache.myfaces.custom.calendar",
                        "org.apache.myfaces.custom.captcha",
                        "org.apache.myfaces.custom.captcha.util",
                        "org.apache.myfaces.custom.checkbox",
                        "org.apache.myfaces.custom.collapsiblepanel",
                        "org.apache.myfaces.custom.column",
                        "org.apache.myfaces.custom.creditcardvalidator",
                        "org.apache.myfaces.custom.crosstable",
                        "org.apache.myfaces.custom.datalist",
                        "org.apache.myfaces.custom.datascroller",
                        "org.apache.myfaces.custom.date",
                        "org.apache.myfaces.custom.div",
                        "org.apache.myfaces.custom.document",
                        "org.apache.myfaces.custom.emailvalidator",
                        "org.apache.myfaces.custom.equalvalidator",
                        "org.apache.myfaces.custom.facelets.tag",
                        "org.apache.myfaces.custom.fieldset",
                        "org.apache.myfaces.custom.fileupload",
                        "org.apache.myfaces.custom.htmlTag",
                        "org.apache.myfaces.custom.inputHtml",
                        "org.apache.myfaces.custom.inputTextHelp",
                        "org.apache.myfaces.custom.jslistener",
                        "org.apache.myfaces.custom.jsvalueset",
                        "org.apache.myfaces.custom.layout",
                        "org.apache.myfaces.custom.navigation",
                        "org.apache.myfaces.custom.navmenu",
                        "org.apache.myfaces.custom.navmenu.htmlnavmenu",
                        "org.apache.myfaces.custom.navmenu.jscookmenu",
                        "org.apache.myfaces.custom.newspaper",
                        "org.apache.myfaces.custom.panelstack",
                        "org.apache.myfaces.custom.picklist",
                        "org.apache.myfaces.custom.popup",
                        "org.apache.myfaces.custom.prototype",
                        "org.apache.myfaces.custom.radio",
                        "org.apache.myfaces.custom.regexprvalidator",
                        "org.apache.myfaces.custom.savestate",
                        "org.apache.myfaces.custom.schedule",
                        "org.apache.myfaces.custom.schedule.model",
                        "org.apache.myfaces.custom.schedule.util",
                        "org.apache.myfaces.custom.selectOneCountry",
                        "org.apache.myfaces.custom.selectOneLanguage",
                        "org.apache.myfaces.custom.selectOneRow",
                        "org.apache.myfaces.custom.selectitems",
                        "org.apache.myfaces.custom.sortheader",
                        "org.apache.myfaces.custom.stylesheet",
                        "org.apache.myfaces.custom.subform",
                        "org.apache.myfaces.custom.swapimage",
                        "org.apache.myfaces.custom.tabbedpane",
                        "org.apache.myfaces.custom.toggle",
                        "org.apache.myfaces.custom.transform",
                        "org.apache.myfaces.custom.tree",
                        "org.apache.myfaces.custom.tree.event",
                        "org.apache.myfaces.custom.tree.model",
                        "org.apache.myfaces.custom.tree.renderkit.html",
                        "org.apache.myfaces.custom.tree.taglib",
                        "org.apache.myfaces.custom.tree2",
                        "org.apache.myfaces.custom.updateactionlistener",
                        "org.apache.myfaces.dateformat",
                        "org.apache.myfaces.generated.taglib.html.ext",
                        "org.apache.myfaces.renderkit.html.ext",
                        "org.apache.myfaces.renderkit.html.jsf",
                        "org.apache.myfaces.renderkit.html.util",
                        "org.apache.myfaces.shared_tomahawk.application",
                        "org.apache.myfaces.shared_tomahawk.component",
                        "org.apache.myfaces.shared_tomahawk.config",
                        "org.apache.myfaces.shared_tomahawk.context",
                        "org.apache.myfaces.shared_tomahawk.context.flash",
                        "org.apache.myfaces.shared_tomahawk.el",
                        "org.apache.myfaces.shared_tomahawk.renderkit",
                        "org.apache.myfaces.shared_tomahawk.renderkit.html",
                        "org.apache.myfaces.shared_tomahawk.renderkit.html.util",
                        "org.apache.myfaces.shared_tomahawk.resource",
                        "org.apache.myfaces.shared_tomahawk.taglib",
                        "org.apache.myfaces.shared_tomahawk.taglib.core",
                        "org.apache.myfaces.shared_tomahawk.taglib.html",
                        "org.apache.myfaces.shared_tomahawk.test",
                        "org.apache.myfaces.shared_tomahawk.trace",
                        "org.apache.myfaces.shared_tomahawk.util",
                        "org.apache.myfaces.shared_tomahawk.util.el",
                        "org.apache.myfaces.shared_tomahawk.util.io",
                        "org.apache.myfaces.shared_tomahawk.util.renderkit",
                        "org.apache.myfaces.shared_tomahawk.util.serial",
                        "org.apache.myfaces.shared_tomahawk.util.servlet",
                        "org.apache.myfaces.shared_tomahawk.util.xml",
                        "org.apache.myfaces.shared_tomahawk.view",
                        "org.apache.myfaces.shared_tomahawk.webapp.webxml",
                        "org.apache.myfaces.tomahawk.application",
                        "org.apache.myfaces.tomahawk.application.jsp",
                        "org.apache.myfaces.tomahawk.config",
                        "org.apache.myfaces.tomahawk.resource",
                        "org.apache.myfaces.tomahawk.util",
                        "org.apache.myfaces.validator",
                        "org.apache.myfaces.webapp.filter",
                        "org.apache.myfaces.webapp.filter.portlet",
                        "org.apache.myfaces.webapp.filter.servlet"
                     ],
                     "packageLocation": [
                        "tomahawk21-1.1.14.jar"
                     ],
                     "appliesTo": [
                        "V8.5.5",
                        "V9.0"
                     ]
                  }
               ]
            },
            {
               "archivesNotReferenced": [
                  {
                     "archive": "commons-collections4-4.1.jar",
                     "referencedBy": "",
                     "checksum": "00969a0007c4ecd0ae7ef179cb14bbefb0c5ef463b99e81379dcba3d4d0c4852"
                  },
                  {
                     "archive": "commons-digester3-3.2.jar",
                     "referencedBy": "",
                     "checksum": "77582382800d30fc3cee78e584a7d8bf5fba941df90d8dbee2cf39dc98b120f1"
                  },
                  {
                     "archive": "commons-el.jar",
                     "referencedBy": "",
                     "checksum": "9803f5bea73e046d6fab090822743c11c142687741f62f351bf708c4e2bd5b13"
                  },
                  {
                     "archive": "commons-lang3-3.4.jar",
                     "referencedBy": "",
                     "checksum": "4e54858dce1a80a1d887395708c07b0ed9b6297d7a8c36afe301a7bc5fa07f1a"
                  },
                  {
                     "archive": "icu4j-57_1.jar",
                     "referencedBy": "jsf-ibm.jar",
                     "checksum": "54487801ff5e202e0a1a8c10869a62fc8d85adfd245979c65ba0cfb163c65c97"
                  },
                  {
                     "archive": "jsf-ibm.jar",
                     "referencedBy": "odc-jsf.jar",
                     "checksum": "c1a60c103e03233fe47781ed7f3b280cad1f1c5d159390299919901e9b8da4c2"
                  },
                  {
                     "archive": "odc-jsf.jar",
                     "referencedBy": "",
                     "checksum": "77ddda6d7a0810d8d3e8d83edec583324ee1d19ec6ab651ab8596de6b733c386"
                  }
               ]
            },
            {
               "missingDependencies": [
                  {
                     "missingDependencies": [
                        "com.ibm.faces.portlet.httpbridge",
                        "com.ibm.portal",
                        "com.ibm.portal.portlet.service",
                        "com.ibm.portal.state",
                        "com.ibm.portal.state.accessors.portlet",
                        "com.ibm.portal.state.accessors.selection",
                        "com.ibm.portal.state.accessors.solo",
                        "com.ibm.portal.state.exceptions",
                        "com.ibm.portal.state.service",
                        "com.ibm.wps.pe.om.window",
                        "com.ibm.wps.pe.pc.std.core"
                     ],
                     "archive": [
                        "jsf-ibm.jar"
                     ]
                  },
                  {
                     "missingDependencies": [
                        "com.sun.rowset"
                     ],
                     "archive": [
                        "GasStationModule.war"
                     ]
                  },
                  {
                     "missingDependencies": [
                        "commonj.sdo",
                        "org.eclipse.emf.common.util",
                        "org.eclipse.emf.ecore",
                        "org.eclipse.emf.ecore.impl",
                        "org.eclipse.emf.ecore.resource",
                        "org.eclipse.emf.ecore.resource.impl",
                        "org.eclipse.emf.ecore.sdo",
                        "org.eclipse.emf.ecore.sdo.impl",
                        "org.eclipse.emf.ecore.util",
                        "org.eclipse.emf.ecore.xmi",
                        "org.eclipse.emf.ecore.xmi.impl"
                     ],
                     "archive": [
                        "odc-jsf.jar"
                     ]
                  },
                  {
                     "missingDependencies": [
                        "net.sf.cglib.proxy"
                     ],
                     "archive": [
                        "commons-digester3-3.2.jar"
                     ]
                  },
                  {
                     "missingDependencies": [
                        "org.apache.avalon.framework.logger",
                        "org.apache.log",
                        "org.apache.log4j"
                     ],
                     "archive": [
                        "commons-logging-1.2.jar"
                     ]
                  },
                  {
                     "missingDependencies": [
                        "org.apache.batik.ext.awt.image.codec",
                        "org.apache.commons.lang",
                        "org.apache.commons.lang.builder",
                        "org.apache.myfaces.buildtools.maven2.plugin.builder.annotation",
                        "org.apache.struts.tiles",
                        "org.apache.tiles",
                        "org.apache.tiles.access",
                        "org.apache.tiles.context",
                        "org.apache.tiles.definition",
                        "org.apache.tiles.factory",
                        "org.apache.tiles.impl",
                        "org.apache.tiles.preparer",
                        "org.apache.tiles.servlet.context"
                     ],
                     "archive": [
                        "tomahawk21-1.1.14.jar"
                     ]
                  },
                  {
                     "missingDependencies": [
                        "org.apache.commons.beanutils"
                     ],
                     "archive": [
                        "commons-digester3-3.2.jar",
                        "commons-validator-1.5.0.jar",
                        "tomahawk21-1.1.14.jar"
                     ]
                  },
                  {
                     "missingDependencies": [
                        "org.apache.commons.collections"
                     ],
                     "archive": [
                        "commons-validator-1.5.0.jar",
                        "tomahawk21-1.1.14.jar"
                     ]
                  },
                  {
                     "missingDependencies": [
                        "org.apache.commons.digester",
                        "org.apache.commons.digester.xmlrules"
                     ],
                     "archive": [
                        "commons-validator-1.5.0.jar"
                     ]
                  },
                  {
                     "missingDependencies": [
                        "org.apache.commons.io",
                        "org.apache.commons.io.output"
                     ],
                     "archive": [
                        "commons-fileupload-1.3.1.jar"
                     ]
                  },
                  {
                     "missingDependencies": [
                        "org.apache.openjpa.datacache",
                        "org.apache.openjpa.persistence"
                     ],
                     "archive": [
                        "GasStationModule.war",
                        "Station_Manager.jar"
                     ]
                  }
               ]
            },
            {
               "classesWithSystemLevelJVMConfiguration": [
               ]
            },
            {
               "sharedLibraryDependencies": [
               ]
            }
         ],
         "performanceConsiderations": {
            "archivesThatAreCandidatesForMetadataCompleteTrueAttribute": [
            ],
            "webModulesWithExcessiveClassFiles": [
               {
                  "archiveName": "GasStationModule.war",
                  "numberOfFiles": 125
               }
            ],
            "webModulesWithExcessiveStaticResources": [
               {
                  "archiveName": "GasStationModule.war",
                  "numberOfFiles": 288
               }
            ]
         },
         "containedArchiveInventory": [
            {
               "archiveName": "/root/source/gas/mvn-tWAS-gasstationmodule/target/GasStationModule.war/WEB-INF/lib/FailureLog_Entities.jar",
               "moduleType": "Utility JAR",
               "checksum": "9701e4592278d7128a1c548f4f381ebd60d1f0df5fd549ac81be88b61abadc0e",
               "containedPackages": [
                  "com.ibm.svt"
               ]
            },
            {
               "archiveName": "/root/source/gas/mvn-tWAS-gasstationmodule/target/GasStationModule.war/WEB-INF/lib/FailureLog_Manager.jar",
               "moduleType": "EJB module",
               "moduleVersion": null,
               "metadataComplete": "Unspecified",
               "checksum": "db732124546185b2be1012c967e224a75df031512390add40c89af132ed0adc5",
               "summary": {
                  "servlets": 0,
                  "jsps": 0,
                  "jpaEntities": 0,
                  "bmpEntityBeans": 0,
                  "cmpEntityBeans": 0,
                  "messageDrivenBeans": 0,
                  "singletonSessionBeans": 0,
                  "statefulSessionBeans": 0,
                  "statelessSessionBeans": 1,
                  "jaxrpcConsumers": 0,
                  "jaxrpcProviders": 0,
                  "jaxrsConsumers": 0,
                  "jaxrsProviders": 0,
                  "jaxwsConsumers": 0,
                  "jaxwsProviders": 0,
                  "springBeans": 0
               }
            },
            {
               "archiveName": "/root/source/gas/mvn-tWAS-gasstationmodule/target/GasStationModule.war/WEB-INF/lib/Sequence_Entities.jar",
               "moduleType": "Utility JAR",
               "checksum": "7425367c8acfdde5172557e5d61a39e0fa6b5c5a7c3ee2427698e02694af5af4",
               "containedPackages": [
                  "com.ibm.svt"
               ]
            },
            {
               "archiveName": "/root/source/gas/mvn-tWAS-gasstationmodule/target/GasStationModule.war/WEB-INF/lib/StationBusinessEJBs.jar",
               "moduleType": "EJB module",
               "moduleVersion": "3.0",
               "metadataComplete": "Ignored",
               "checksum": "d766277fe390240cc9d7bcfc5f33e576b82ae1dfba53d56c5a3e275b326702b3",
               "summary": {
                  "servlets": 0,
                  "jsps": 0,
                  "jpaEntities": 0,
                  "bmpEntityBeans": 0,
                  "cmpEntityBeans": 0,
                  "messageDrivenBeans": 0,
                  "singletonSessionBeans": 0,
                  "statefulSessionBeans": 0,
                  "statelessSessionBeans": 1,
                  "jaxrpcConsumers": 0,
                  "jaxrpcProviders": 0,
                  "jaxrsConsumers": 0,
                  "jaxrsProviders": 0,
                  "jaxwsConsumers": 0,
                  "jaxwsProviders": 0,
                  "springBeans": 0
               }
            },
            {
               "archiveName": "/root/source/gas/mvn-tWAS-gasstationmodule/target/GasStationModule.war/WEB-INF/lib/StationSecure_Entities.jar",
               "moduleType": "Utility JAR",
               "checksum": "42984df17c2ea530ed2cee5b957518d1006159806ff71062aef8d47aa2c36513",
               "containedPackages": [
                  "com.ibm.svt"
               ]
            },
            {
               "archiveName": "/root/source/gas/mvn-tWAS-gasstationmodule/target/GasStationModule.war/WEB-INF/lib/Station_Entities.jar",
               "moduleType": "Utility JAR",
               "checksum": "d1d97062a10381ede3e60b248d4405d17031d017cab9fb8dd51138bd3a706d9a",
               "containedPackages": [
                  "com.ibm.svt"
               ]
            },
            {
               "archiveName": "/root/source/gas/mvn-tWAS-gasstationmodule/target/GasStationModule.war/WEB-INF/lib/Station_Manager.jar",
               "moduleType": "EJB module",
               "moduleVersion": null,
               "metadataComplete": "Unspecified",
               "checksum": "fbde81c2e9c6e7be0c3a33af3d86478e3d4413d94ee0440c8aa2be32bc3a0862",
               "summary": {
                  "servlets": 0,
                  "jsps": 0,
                  "jpaEntities": 0,
                  "bmpEntityBeans": 0,
                  "cmpEntityBeans": 0,
                  "messageDrivenBeans": 2,
                  "singletonSessionBeans": 0,
                  "statefulSessionBeans": 0,
                  "statelessSessionBeans": 2,
                  "jaxrpcConsumers": 0,
                  "jaxrpcProviders": 0,
                  "jaxrsConsumers": 0,
                  "jaxrsProviders": 0,
                  "jaxwsConsumers": 0,
                  "jaxwsProviders": 0,
                  "springBeans": 0
               }
            },
            {
               "archiveName": "/root/source/gas/mvn-tWAS-gasstationmodule/target/GasStationModule.war/WEB-INF/lib/Store_ItemEntities.jar",
               "moduleType": "Utility JAR",
               "checksum": "f00bcafe876f52a8ed61bbe80f24854320f844f94c89726ac3c49e5129b6ee0e",
               "containedPackages": [
                  "com.ibm.svt"
               ]
            },
            {
               "archiveName": "/root/source/gas/mvn-tWAS-gasstationmodule/target/GasStationModule.war/WEB-INF/lib/Store_SaleEntities.jar",
               "moduleType": "Utility JAR",
               "checksum": "fdaea5afda1241c76b0fb15460bbb8e0718948557fd41a92a53019e73353a5ae",
               "containedPackages": [
                  "com.ibm.svt"
               ]
            },
            {
               "archiveName": "/root/source/gas/mvn-tWAS-gasstationmodule/target/GasStationModule.war/WEB-INF/lib/commons-codec-1.10.jar",
               "moduleType": "Utility JAR",
               "checksum": "8335b388fcba15ec9cd38091ddbb4d7dca683854d4c4b3a39edf3ab3d0fd8a79",
               "containedPackages": [
                  "org.apache.commons"
               ]
            },
            {
               "archiveName": "/root/source/gas/mvn-tWAS-gasstationmodule/target/GasStationModule.war/WEB-INF/lib/commons-collections4-4.1.jar",
               "moduleType": "Utility JAR",
               "checksum": "00969a0007c4ecd0ae7ef179cb14bbefb0c5ef463b99e81379dcba3d4d0c4852",
               "containedPackages": [
                  "org.apache.commons"
               ]
            },
            {
               "archiveName": "/root/source/gas/mvn-tWAS-gasstationmodule/target/GasStationModule.war/WEB-INF/lib/commons-digester3-3.2.jar",
               "moduleType": "Utility JAR",
               "checksum": "77582382800d30fc3cee78e584a7d8bf5fba941df90d8dbee2cf39dc98b120f1",
               "containedPackages": [
                  "org.apache.commons"
               ]
            },
            {
               "archiveName": "/root/source/gas/mvn-tWAS-gasstationmodule/target/GasStationModule.war/WEB-INF/lib/commons-el.jar",
               "moduleType": "Utility JAR",
               "checksum": "9803f5bea73e046d6fab090822743c11c142687741f62f351bf708c4e2bd5b13",
               "containedPackages": [
                  "org.apache.commons"
               ]
            },
            {
               "archiveName": "/root/source/gas/mvn-tWAS-gasstationmodule/target/GasStationModule.war/WEB-INF/lib/commons-fileupload-1.3.1.jar",
               "moduleType": "Utility JAR",
               "checksum": "195bb72497b7a6f889ae4a30c47b1af26950f20339f7ab096bd790d2c65b8d40",
               "containedPackages": [
                  "org.apache.commons"
               ]
            },
            {
               "archiveName": "/root/source/gas/mvn-tWAS-gasstationmodule/target/GasStationModule.war/WEB-INF/lib/commons-lang3-3.4.jar",
               "moduleType": "Utility JAR",
               "checksum": "4e54858dce1a80a1d887395708c07b0ed9b6297d7a8c36afe301a7bc5fa07f1a",
               "containedPackages": [
                  "org.apache.commons"
               ]
            },
            {
               "archiveName": "/root/source/gas/mvn-tWAS-gasstationmodule/target/GasStationModule.war/WEB-INF/lib/commons-logging-1.2.jar",
               "moduleType": "Utility JAR",
               "checksum": "408ca825ee0449509e39a5eb4ff7251f51a4126a436404268adea5d2ca2014d0",
               "containedPackages": [
                  "org.apache.commons"
               ]
            },
            {
               "archiveName": "/root/source/gas/mvn-tWAS-gasstationmodule/target/GasStationModule.war/WEB-INF/lib/commons-validator-1.5.0.jar",
               "moduleType": "Utility JAR",
               "checksum": "79fdf982e0d5fbac195c73604640e12889f865c95d3010d720abb74e99ec3e3c",
               "containedPackages": [
                  "org.apache.commons"
               ]
            },
            {
               "archiveName": "/root/source/gas/mvn-tWAS-gasstationmodule/target/GasStationModule.war/WEB-INF/lib/icu4j-57_1.jar",
               "moduleType": "Utility JAR",
               "checksum": "54487801ff5e202e0a1a8c10869a62fc8d85adfd245979c65ba0cfb163c65c97",
               "containedPackages": [
                  "com.ibm.icu"
               ]
            },
            {
               "archiveName": "/root/source/gas/mvn-tWAS-gasstationmodule/target/GasStationModule.war/WEB-INF/lib/jsf-ibm.jar",
               "moduleType": "Utility JAR",
               "checksum": "c1a60c103e03233fe47781ed7f3b280cad1f1c5d159390299919901e9b8da4c2",
               "containedPackages": [
                  "com.ibm.faces"
               ]
            },
            {
               "archiveName": "/root/source/gas/mvn-tWAS-gasstationmodule/target/GasStationModule.war/WEB-INF/lib/odc-jsf.jar",
               "moduleType": "Utility JAR",
               "checksum": "77ddda6d7a0810d8d3e8d83edec583324ee1d19ec6ab651ab8596de6b733c386",
               "containedPackages": [
                  "com.ibm.faces",
                  "com.ibm.odcb"
               ]
            },
            {
               "archiveName": "/root/source/gas/mvn-tWAS-gasstationmodule/target/GasStationModule.war/WEB-INF/lib/tomahawk21-1.1.14.jar",
               "moduleType": "Utility JAR",
               "checksum": "d90d1a12a45928fbe10df1cdcd035891bfbb5b6a65a83a43eaa329ba53bddfa4",
               "containedPackages": [
                  "org.apache.myfaces"
               ]
            }
         ]
      }
   ],
   "sharedLibraryDetails": [
   ]
}