<?xml version="1.0" encoding="UTF-8" standalone="no"?>
<!--Generated by IBM TransformationAdvisor 3.9.0
Tue Apr 02 14:20:58 UTC 2024--><server description="Feature list generated by binaryAppScanner">
    <featureManager>
        <!--Generated by IBM TransformationAdvisor 3.9.0 to support metric integration.-->
        <feature>mpMetrics-1.1</feature>
        <!--End features generated by Transformation Advisor-->
        <!--The following features are available in Open Liberty.-->
        <feature>ejbHome-3.2</feature>
        <feature>ejbLite-3.2</feature>
        <feature>ejbRemote-3.2</feature>
        <feature>el-3.0</feature>
        <feature>jms-2.0</feature>
        <feature>jpa-2.1</feature>
        <feature>jsf-2.2</feature>
        <feature>jsp-2.3</feature>
        <feature>mdb-3.2</feature>
        <feature>servlet-3.1</feature>
    </featureManager>
    <application id="GarageSale.ear" location="GarageSale.ear" name="GarageSale.ear" type="ear"/>
    <applicationManager autoExpand="true"/>
</server>
