{
   "report": "analysis",
   "version": "1.4",
   "productVersion": "24.0.0.1",
   "productRelease": "24.0.0.1",
   "buildID": "v20240324_2333",
   "options": [
      "--sourceAppServer=was855",
      "--sourceJava=ibm6",
      "--sourceJavaEE=ee6",
      "--targetAppServer=liberty",
      "--targetJava=ibm8",
      "--targetCloud=containers",
      "--includeHelpLocation",
      "--excludePackages=ch.qos,com.cloudant,com.cognos,com.fasterxml,com.filenet,com.ibatis,com.ibm,com.informix,com.lowagie,com.mchange,com.meterware,com.microsoft,com.mongodb,com.mysql,com.sun,com.sybase,filenet,freemarker,groovy,jakarta,java,javax,net,oracle,org,sqlj,sun,twitter4j,_ibmjsp"
   ],
   "totalRulesFlagged": 19,
   "filesAffected": 75,
   "totalResults": 137,
   "severitySummary": [
      {
         "severity": "Critical",
         "severityId": "severe",
         "totalRulesFlagged": 4,
         "totalResults": 18,
         "totalRulesFlaggedWithAutomatedFix": 0,
         "totalResultsWithAutomatedFix": 0
      },
      {
         "severity": "Warning",
         "severityId": "warning",
         "totalRulesFlagged": 4,
         "totalResults": 11,
         "totalRulesFlaggedWithAutomatedFix": 0,
         "totalResultsWithAutomatedFix": 0
      },
      {
         "severity": "Information",
         "severityId": "info",
         "totalRulesFlagged": 11,
         "totalResults": 108,
         "totalRulesFlaggedWithAutomatedFix": 0,
         "totalResultsWithAutomatedFix": 0
      }
   ],
   "applications": [
      "/root/jam/jamEarFiles/GarageSale.ear"
   ],
   "rules": [
      {
         "ruleName": "Behavior change on lookups for Enterprise JavaBeans in previous versions of Liberty",
         "ruleId": "EJBNamingLookupRule",
         "ruleHelpLocation": "/ruleinfo/appconversion/was2liberty/EJBNamingLookupRule.html",
         "devCost": "0",
         "instanceCost": "0",
         "severity": "Information",
         "severityId": "info",
         "recipe": null,
         "alternativeRecipes": [
         ],
         "category": "WebSphere traditional to Liberty",
         "categoryId": "appconversion.was2liberty.category",
         "totalResults": 15,
         "results": [
            {
               "fileName": "GarageSale.ear/GSEJB.jar/META-INF/ibm-ejb-jar-bnd.xmi",
               "details": [
                  {
                     "reference": null,
                     "match": "ejbRefBindings.jndiName=ejb/com/ibm/websphere/svt/gs/ejb/CategoryLocalHome",
                     "lineNumber": 9
                  },
                  {
                     "reference": null,
                     "match": "ejbRefBindings.jndiName=ejb/com/ibm/websphere/svt/gs/ejb/CategoryLocalHome",
                     "lineNumber": 67
                  },
                  {
                     "reference": null,
                     "match": "ejbRefBindings.jndiName=ejb/com/ibm/websphere/svt/gs/ejb/CustomerInfoLocalHome",
                     "lineNumber": 15
                  },
                  {
                     "reference": null,
                     "match": "ejbRefBindings.jndiName=ejb/com/ibm/websphere/svt/gs/ejb/CustomerLocalHome",
                     "lineNumber": 12
                  },
                  {
                     "reference": null,
                     "match": "ejbRefBindings.jndiName=ejb/com/ibm/websphere/svt/gs/ejb/InventoryLocalHome",
                     "lineNumber": 18
                  },
                  {
                     "reference": null,
                     "match": "ejbRefBindings.jndiName=ejb/com/ibm/websphere/svt/gs/ejb/MfgCategoryLocalHome",
                     "lineNumber": 21
                  },
                  {
                     "reference": null,
                     "match": "ejbRefBindings.jndiName=ejb/com/ibm/websphere/svt/gs/ejb/MfgCategoryLocalHome",
                     "lineNumber": 56
                  },
                  {
                     "reference": null,
                     "match": "ejbRefBindings.jndiName=ejb/com/ibm/websphere/svt/gs/ejb/SettingsLocalHome",
                     "lineNumber": 27
                  },
                  {
                     "reference": null,
                     "match": "ejbRefBindings.jndiName=ejb/com/ibm/websphere/svt/gs/ejb/StoreCreditLocalHome",
                     "lineNumber": 24
                  },
                  {
                     "reference": null,
                     "match": "ejbRefBindings.jndiName=ejb/com/ibm/websphere/svt/wsn/WSNProxyHome",
                     "lineNumber": 30
                  }
               ]
            },
            {
               "fileName": "GarageSale.ear/GSEJBWrapper.war/WEB-INF/ibm-web-bnd.xmi",
               "details": [
                  {
                     "reference": null,
                     "match": "ejbRefBindings.jndiName=ejb/com/ibm/websphere/svt/gs/ejb/StoreManagerLocalHome",
                     "lineNumber": 4
                  }
               ]
            },
            {
               "fileName": "GarageSale.ear/WSBankEJB.jar/META-INF/ibm-ejb-jar-bnd.xmi",
               "details": [
                  {
                     "reference": null,
                     "match": "ejbRefBindings.jndiName=ejb/com/ibm/websphere/svt/wsbank/ejb/AccountLocalHome",
                     "lineNumber": 15
                  },
                  {
                     "reference": null,
                     "match": "ejbRefBindings.jndiName=ejb/com/ibm/websphere/svt/wsbank/ejb/SubAccountLocalHome",
                     "lineNumber": 18
                  },
                  {
                     "reference": null,
                     "match": "ejbRefBindings.jndiName=ejb/com/ibm/websphere/svt/wsbank/ejb/TransactionHistoryLocalHome",
                     "lineNumber": 21
                  },
                  {
                     "reference": null,
                     "match": "ejbRefBindings.jndiName=ejb/com/ibm/websphere/svt/wsn/WSNProxyHome",
                     "lineNumber": 24
                  }
               ]
            }
         ]
      },
      {
         "ruleName": "Databases",
         "ruleId": "DatabasesRule",
         "ruleHelpLocation": "/ruleinfo/appmigration/cloud/Databases.html",
         "devCost": "0",
         "instanceCost": "0",
         "severity": "Information",
         "severityId": "info",
         "recipe": null,
         "alternativeRecipes": [
         ],
         "category": "Technology connectivity considerations for IBM Cloud",
         "categoryId": "appconversion.cloud.category.technology.connectivity",
         "totalResults": 3,
         "results": [
            {
               "fileName": "GarageSale.ear/CreditCardEJB.jar/META-INF/persistence.xml",
               "details": [
                  {
                     "reference": null,
                     "match": "jta-data-source=jdbc/ccdb",
                     "lineNumber": 5
                  }
               ]
            },
            {
               "fileName": "GarageSale.ear/GSAdmin.war/WEB-INF/web.xml",
               "details": [
                  {
                     "reference": null,
                     "match": "res-type=javax.sql.DataSource",
                     "lineNumber": 49
                  }
               ]
            },
            {
               "fileName": "GarageSale.ear/GSjsf20Web.war/WEB-INF/lib/ProdReviewTaxShipRateEJB.jar/META-INF/persistence.xml",
               "details": [
                  {
                     "reference": null,
                     "match": "jta-data-source=jdbc/gsdb",
                     "lineNumber": 4
                  }
               ]
            }
         ]
      },
      {
         "ruleName": "Entity Enterprise JavaBeans (EJB) are unavailable",
         "ruleId": "DetectEJBEntityBeansXML",
         "ruleHelpLocation": "/help/java/DetectEJBEntityBeans.html",
         "devCost": "10",
         "instanceCost": "1",
         "severity": "Critical",
         "severityId": "severe",
         "recipe": null,
         "alternativeRecipes": [
         ],
         "category": "Java Technology Support for Liberty",
         "categoryId": "com.ibm.rrd.liberty.rules.liberty.profile.technology.ruleset",
         "totalResults": 10,
         "results": [
            {
               "fileName": "GarageSale.ear/GSEJB.jar/META-INF/ejb-jar.xml",
               "details": [
                  {
                     "reference": null,
                     "match": "entity",
                     "lineNumber": 118
                  },
                  {
                     "reference": null,
                     "match": "entity",
                     "lineNumber": 164
                  },
                  {
                     "reference": null,
                     "match": "entity",
                     "lineNumber": 194
                  },
                  {
                     "reference": null,
                     "match": "entity",
                     "lineNumber": 231
                  },
                  {
                     "reference": null,
                     "match": "entity",
                     "lineNumber": 304
                  },
                  {
                     "reference": null,
                     "match": "entity",
                     "lineNumber": 338
                  },
                  {
                     "reference": null,
                     "match": "entity",
                     "lineNumber": 367
                  }
               ]
            },
            {
               "fileName": "GarageSale.ear/WSBankEJB.jar/META-INF/ejb-jar.xml",
               "details": [
                  {
                     "reference": null,
                     "match": "entity",
                     "lineNumber": 6
                  },
                  {
                     "reference": null,
                     "match": "entity",
                     "lineNumber": 20
                  },
                  {
                     "reference": null,
                     "match": "entity",
                     "lineNumber": 56
                  }
               ]
            }
         ]
      },
      {
         "ruleName": "Handling application configuration in Docker containers",
         "ruleId": "DetectPropertiesFiles",
         "ruleHelpLocation": "/ruleinfo/appmigration/cloud/DetectPropertiesFiles.html",
         "devCost": "0",
         "instanceCost": "0",
         "severity": "Information",
         "severityId": "info",
         "recipe": null,
         "alternativeRecipes": [
         ],
         "category": "Containers (OpenShift, Kubernetes)",
         "categoryId": "appconversion.cloud.category.docker",
         "totalResults": 41,
         "results": [
            {
               "fileName": "GarageSale.ear/CreditCardEJB.jar/META-INF/ibm_ejbext.properties",
               "details": [
                  {
                     "reference": null,
                     "match": "(.*)?\\.properties",
                     "lineNumber": 0
                  }
               ]
            },
            {
               "fileName": "GarageSale.ear/GSAdmin.war/GarageSaleUtils.jar/GarageSaleWSFP.properties",
               "details": [
                  {
                     "reference": null,
                     "match": "(.*)?\\.properties",
                     "lineNumber": 0
                  }
               ]
            },
            {
               "fileName": "GarageSale.ear/GSEJB.jar/GarageSaleUtils.jar/GarageSaleWSFP.properties",
               "details": [
                  {
                     "reference": null,
                     "match": "(.*)?\\.properties",
                     "lineNumber": 0
                  }
               ]
            },
            {
               "fileName": "GarageSale.ear/GSEJB.jar/META-INF/backends/DB2UDBAS400_V54_1/ibm_pmbab.properties",
               "details": [
                  {
                     "reference": null,
                     "match": "(.*)?\\.properties",
                     "lineNumber": 0
                  }
               ]
            },
            {
               "fileName": "GarageSale.ear/GSEJB.jar/META-INF/backends/DB2UDBNT_V82_1/ibm_pmbab.properties",
               "details": [
                  {
                     "reference": null,
                     "match": "(.*)?\\.properties",
                     "lineNumber": 0
                  }
               ]
            },
            {
               "fileName": "GarageSale.ear/GSEJB.jar/META-INF/backends/DB2UDBNT_V91_1/ibm_pmbab.properties",
               "details": [
                  {
                     "reference": null,
                     "match": "(.*)?\\.properties",
                     "lineNumber": 0
                  }
               ]
            },
            {
               "fileName": "GarageSale.ear/GSEJB.jar/META-INF/backends/DB2UDBNT_V95_1/ibm_pmbab.properties",
               "details": [
                  {
                     "reference": null,
                     "match": "(.*)?\\.properties",
                     "lineNumber": 0
                  }
               ]
            },
            {
               "fileName": "GarageSale.ear/GSEJB.jar/META-INF/backends/DB2UDBNT_V97_1/ibm_pmbab.properties",
               "details": [
                  {
                     "reference": null,
                     "match": "(.*)?\\.properties",
                     "lineNumber": 0
                  }
               ]
            },
            {
               "fileName": "GarageSale.ear/GSEJB.jar/META-INF/backends/DB2UDBNT_V98_1/ibm_pmbab.properties",
               "details": [
                  {
                     "reference": null,
                     "match": "(.*)?\\.properties",
                     "lineNumber": 0
                  }
               ]
            },
            {
               "fileName": "GarageSale.ear/GSEJB.jar/META-INF/backends/DB2UDBOS390_COMPAT_V9_1/ibm_pmbab.properties",
               "details": [
                  {
                     "reference": null,
                     "match": "(.*)?\\.properties",
                     "lineNumber": 0
                  }
               ]
            },
            {
               "fileName": "GarageSale.ear/GSEJB.jar/META-INF/backends/DB2UDBOS390_V9_1/ibm_pmbab.properties",
               "details": [
                  {
                     "reference": null,
                     "match": "(.*)?\\.properties",
                     "lineNumber": 0
                  }
               ]
            },
            {
               "fileName": "GarageSale.ear/GSEJB.jar/META-INF/backends/DERBY_V100_1/ibm_pmbab.properties",
               "details": [
                  {
                     "reference": null,
                     "match": "(.*)?\\.properties",
                     "lineNumber": 0
                  }
               ]
            },
            {
               "fileName": "GarageSale.ear/GSEJB.jar/META-INF/backends/DERBY_V101_1/ibm_pmbab.properties",
               "details": [
                  {
                     "reference": null,
                     "match": "(.*)?\\.properties",
                     "lineNumber": 0
                  }
               ]
            },
            {
               "fileName": "GarageSale.ear/GSEJB.jar/META-INF/backends/DERBY_V102_1/ibm_pmbab.properties",
               "details": [
                  {
                     "reference": null,
                     "match": "(.*)?\\.properties",
                     "lineNumber": 0
                  }
               ]
            },
            {
               "fileName": "GarageSale.ear/GSEJB.jar/META-INF/backends/MSSQLSERVER_V2005_1/ibm_pmbab.properties",
               "details": [
                  {
                     "reference": null,
                     "match": "(.*)?\\.properties",
                     "lineNumber": 0
                  }
               ]
            },
            {
               "fileName": "GarageSale.ear/GSEJB.jar/META-INF/backends/ORACLE_V10_1/ibm_pmbab.properties",
               "details": [
                  {
                     "reference": null,
                     "match": "(.*)?\\.properties",
                     "lineNumber": 0
                  }
               ]
            },
            {
               "fileName": "GarageSale.ear/GSEJB.jar/META-INF/backends/ORACLE_V11_1/ibm_pmbab.properties",
               "details": [
                  {
                     "reference": null,
                     "match": "(.*)?\\.properties",
                     "lineNumber": 0
                  }
               ]
            },
            {
               "fileName": "GarageSale.ear/GSEJB.jar/META-INF/ibm_ejbext.properties",
               "details": [
                  {
                     "reference": null,
                     "match": "(.*)?\\.properties",
                     "lineNumber": 0
                  }
               ]
            },
            {
               "fileName": "GarageSale.ear/GSjsf20Web.war/GarageSaleUtils.jar/GarageSaleWSFP.properties",
               "details": [
                  {
                     "reference": null,
                     "match": "(.*)?\\.properties",
                     "lineNumber": 0
                  }
               ]
            },
            {
               "fileName": "GarageSale.ear/GSjsf20Web.war/WEB-INF/classes/com/ibm/websphere/svt/portlets/faces/nl/GSjsf20WebPortletResource.properties",
               "details": [
                  {
                     "reference": null,
                     "match": "(.*)?\\.properties",
                     "lineNumber": 0
                  }
               ]
            },
            {
               "fileName": "GarageSale.ear/GSjsf20Web.war/WEB-INF/lib/GarageSaleUtils.jar/GarageSaleWSFP.properties",
               "details": [
                  {
                     "reference": null,
                     "match": "(.*)?\\.properties",
                     "lineNumber": 0
                  }
               ]
            },
            {
               "fileName": "GarageSale.ear/GarageSaleUtils.jar/GarageSaleWSFP.properties",
               "details": [
                  {
                     "reference": null,
                     "match": "(.*)?\\.properties",
                     "lineNumber": 0
                  }
               ]
            },
            {
               "fileName": "GarageSale.ear/ShippingAgent.jar/GarageSaleUtils.jar/GarageSaleWSFP.properties",
               "details": [
                  {
                     "reference": null,
                     "match": "(.*)?\\.properties",
                     "lineNumber": 0
                  }
               ]
            },
            {
               "fileName": "GarageSale.ear/ShippingAgent.jar/META-INF/ibm_ejbext.properties",
               "details": [
                  {
                     "reference": null,
                     "match": "(.*)?\\.properties",
                     "lineNumber": 0
                  }
               ]
            },
            {
               "fileName": "GarageSale.ear/WSBankEJB.jar/META-INF/backends/DB2UDBAS400_V54_1/ibm_pmbab.properties",
               "details": [
                  {
                     "reference": null,
                     "match": "(.*)?\\.properties",
                     "lineNumber": 0
                  }
               ]
            },
            {
               "fileName": "GarageSale.ear/WSBankEJB.jar/META-INF/backends/DB2UDBNT_V82_1/ibm_pmbab.properties",
               "details": [
                  {
                     "reference": null,
                     "match": "(.*)?\\.properties",
                     "lineNumber": 0
                  }
               ]
            },
            {
               "fileName": "GarageSale.ear/WSBankEJB.jar/META-INF/backends/DB2UDBNT_V91_1/ibm_pmbab.properties",
               "details": [
                  {
                     "reference": null,
                     "match": "(.*)?\\.properties",
                     "lineNumber": 0
                  }
               ]
            },
            {
               "fileName": "GarageSale.ear/WSBankEJB.jar/META-INF/backends/DB2UDBNT_V95_1/ibm_pmbab.properties",
               "details": [
                  {
                     "reference": null,
                     "match": "(.*)?\\.properties",
                     "lineNumber": 0
                  }
               ]
            },
            {
               "fileName": "GarageSale.ear/WSBankEJB.jar/META-INF/backends/DB2UDBNT_V97_1/ibm_pmbab.properties",
               "details": [
                  {
                     "reference": null,
                     "match": "(.*)?\\.properties",
                     "lineNumber": 0
                  }
               ]
            },
            {
               "fileName": "GarageSale.ear/WSBankEJB.jar/META-INF/backends/DB2UDBNT_V98_1/ibm_pmbab.properties",
               "details": [
                  {
                     "reference": null,
                     "match": "(.*)?\\.properties",
                     "lineNumber": 0
                  }
               ]
            },
            {
               "fileName": "GarageSale.ear/WSBankEJB.jar/META-INF/backends/DB2UDBOS390_COMPAT_V9_1/ibm_pmbab.properties",
               "details": [
                  {
                     "reference": null,
                     "match": "(.*)?\\.properties",
                     "lineNumber": 0
                  }
               ]
            },
            {
               "fileName": "GarageSale.ear/WSBankEJB.jar/META-INF/backends/DB2UDBOS390_V9_1/ibm_pmbab.properties",
               "details": [
                  {
                     "reference": null,
                     "match": "(.*)?\\.properties",
                     "lineNumber": 0
                  }
               ]
            },
            {
               "fileName": "GarageSale.ear/WSBankEJB.jar/META-INF/backends/DERBY_V100_1/ibm_pmbab.properties",
               "details": [
                  {
                     "reference": null,
                     "match": "(.*)?\\.properties",
                     "lineNumber": 0
                  }
               ]
            },
            {
               "fileName": "GarageSale.ear/WSBankEJB.jar/META-INF/backends/DERBY_V101_1/ibm_pmbab.properties",
               "details": [
                  {
                     "reference": null,
                     "match": "(.*)?\\.properties",
                     "lineNumber": 0
                  }
               ]
            },
            {
               "fileName": "GarageSale.ear/WSBankEJB.jar/META-INF/backends/DERBY_V102_1/ibm_pmbab.properties",
               "details": [
                  {
                     "reference": null,
                     "match": "(.*)?\\.properties",
                     "lineNumber": 0
                  }
               ]
            },
            {
               "fileName": "GarageSale.ear/WSBankEJB.jar/META-INF/backends/MSSQLSERVER_V2005_1/ibm_pmbab.properties",
               "details": [
                  {
                     "reference": null,
                     "match": "(.*)?\\.properties",
                     "lineNumber": 0
                  }
               ]
            },
            {
               "fileName": "GarageSale.ear/WSBankEJB.jar/META-INF/backends/ORACLE_V10_1/ibm_pmbab.properties",
               "details": [
                  {
                     "reference": null,
                     "match": "(.*)?\\.properties",
                     "lineNumber": 0
                  }
               ]
            },
            {
               "fileName": "GarageSale.ear/WSBankEJB.jar/META-INF/backends/ORACLE_V11_1/ibm_pmbab.properties",
               "details": [
                  {
                     "reference": null,
                     "match": "(.*)?\\.properties",
                     "lineNumber": 0
                  }
               ]
            },
            {
               "fileName": "GarageSale.ear/WSBankEJB.jar/META-INF/backends/ORACLE_V9_1/ibm_pmbab.properties",
               "details": [
                  {
                     "reference": null,
                     "match": "(.*)?\\.properties",
                     "lineNumber": 0
                  }
               ]
            },
            {
               "fileName": "GarageSale.ear/WSBankEJB.jar/META-INF/ibm_ejbext.properties",
               "details": [
                  {
                     "reference": null,
                     "match": "(.*)?\\.properties",
                     "lineNumber": 0
                  }
               ]
            },
            {
               "fileName": "GarageSale.ear/WSNClient.jar/META-INF/ibm_ejbext.properties",
               "details": [
                  {
                     "reference": null,
                     "match": "(.*)?\\.properties",
                     "lineNumber": 0
                  }
               ]
            }
         ]
      },
      {
         "ruleName": "Java EE security",
         "ruleId": "ApplicationSecurityRule",
         "ruleHelpLocation": "/ruleinfo/appmigration/cloud/ApplicationSecurity.html",
         "devCost": "0",
         "instanceCost": "0",
         "severity": "Information",
         "severityId": "info",
         "recipe": null,
         "alternativeRecipes": [
         ],
         "category": "Technology connectivity considerations for IBM Cloud",
         "categoryId": "appconversion.cloud.category.technology.connectivity",
         "totalResults": 3,
         "results": [
            {
               "fileName": "GarageSale.ear/GSEJB.jar/META-INF/ejb-jar.xml",
               "details": [
                  {
                     "reference": null,
                     "match": "method-permission",
                     "lineNumber": 442
                  }
               ]
            },
            {
               "fileName": "GarageSale.ear/WSBankEJB.jar/META-INF/ejb-jar.xml",
               "details": [
                  {
                     "reference": null,
                     "match": "method-permission",
                     "lineNumber": 162
                  }
               ]
            },
            {
               "fileName": "GarageSale.ear/WSNClient.jar/META-INF/ejb-jar.xml",
               "details": [
                  {
                     "reference": null,
                     "match": "method-permission",
                     "lineNumber": 28
                  }
               ]
            }
         ]
      },
      {
         "ruleName": "Java Message Service (JMS)",
         "ruleId": "JMSRule",
         "ruleHelpLocation": "/ruleinfo/appmigration/cloud/JMS.html",
         "devCost": "0",
         "instanceCost": "0",
         "severity": "Information",
         "severityId": "info",
         "recipe": null,
         "alternativeRecipes": [
         ],
         "category": "Technology connectivity considerations for IBM Cloud (not Liberty Core)",
         "categoryId": "appconversion.cloud.category.technology.connectivity.noLibertyCore",
         "totalResults": 2,
         "results": [
            {
               "fileName": "GarageSale.ear/GSEJB.jar/META-INF/ejb-jar.xml",
               "details": [
                  {
                     "reference": null,
                     "match": "res-type=javax.jms.QueueConnectionFactory",
                     "lineNumber": 87
                  }
               ]
            },
            {
               "fileName": "GarageSale.ear/GSTest.war/WEB-INF/web.xml",
               "details": [
                  {
                     "reference": null,
                     "match": "res-type=javax.jms.QueueConnectionFactory",
                     "lineNumber": 25
                  }
               ]
            }
         ]
      },
      {
         "ruleName": "Java Portlet is unsupported",
         "ruleId": "DetectJavaPortlet",
         "ruleHelpLocation": "/help/java/DetectJavaPortlet.html",
         "devCost": "5",
         "instanceCost": "0",
         "severity": "Critical",
         "severityId": "severe",
         "recipe": null,
         "alternativeRecipes": [
         ],
         "category": "Java Technology Support for Liberty",
         "categoryId": "com.ibm.rrd.liberty.rules.liberty.profile.technology.ruleset",
         "totalResults": 1,
         "results": [
            {
               "fileName": "GarageSale.ear/GSjsf20Web.war/WEB-INF/portlet.xml",
               "details": [
                  {
                     "reference": null,
                     "match": "portlet-app",
                     "lineNumber": 2
                  }
               ]
            }
         ]
      },
      {
         "ruleName": "JavaServer Faces (JSF) 1.1/1.2 compatibility",
         "ruleId": "DetectUnsupportedJSF",
         "ruleHelpLocation": "/help/java/DetectUnsupportedJSF.html",
         "devCost": "1",
         "instanceCost": "0.1",
         "severity": "Warning",
         "severityId": "warning",
         "recipe": null,
         "alternativeRecipes": [
         ],
         "category": "Java Technology Support for Liberty",
         "categoryId": "com.ibm.rrd.liberty.rules.liberty.profile.technology.ruleset",
         "totalResults": 1,
         "results": [
            {
               "fileName": "GarageSale.ear/GSjsf20Web.war/WEB-INF/lib/dojo-faces-1.3_00.jar/META-INF/faces-config.xml",
               "details": [
                  {
                     "reference": null,
                     "match": "http://java.sun.com/dtd/web-facesconfig_1_1.dtd",
                     "lineNumber": 1
                  }
               ]
            }
         ]
      },
      {
         "ruleName": "Message-Driven Beans (MDB)",
         "ruleId": "MDBRule",
         "ruleHelpLocation": "/ruleinfo/appmigration/cloud/MDB.html",
         "devCost": "0",
         "instanceCost": "0",
         "severity": "Information",
         "severityId": "info",
         "recipe": null,
         "alternativeRecipes": [
         ],
         "category": "Technology connectivity considerations for IBM Cloud (not Liberty Core)",
         "categoryId": "appconversion.cloud.category.technology.connectivity.noLibertyCore",
         "totalResults": 1,
         "results": [
            {
               "fileName": "GarageSale.ear/ShippingAgent.jar/META-INF/ejb-jar.xml",
               "details": [
                  {
                     "reference": null,
                     "match": "message-driven",
                     "lineNumber": 5
                  }
               ]
            }
         ]
      },
      {
         "ruleName": "Remote EJB lookups",
         "ruleId": "RemoteEJBLookupsRule",
         "ruleHelpLocation": "/ruleinfo/appmigration/cloud/RemoteEJBLookups.html",
         "devCost": "0",
         "instanceCost": "0",
         "severity": "Information",
         "severityId": "info",
         "recipe": null,
         "alternativeRecipes": [
         ],
         "category": "Technology connectivity considerations for IBM Cloud (not Liberty Core)",
         "categoryId": "appconversion.cloud.category.technology.connectivity.noLibertyCore",
         "totalResults": 2,
         "results": [
            {
               "fileName": "GarageSale.ear/GSEJB.jar/META-INF/ejb-jar.xml",
               "details": [
                  {
                     "reference": null,
                     "match": "home",
                     "lineNumber": 19
                  }
               ]
            },
            {
               "fileName": "GarageSale.ear/WSBankEJB.jar/META-INF/ejb-jar.xml",
               "details": [
                  {
                     "reference": null,
                     "match": "home",
                     "lineNumber": 128
                  }
               ]
            }
         ]
      },
      {
         "ruleName": "Remote EJB providers",
         "ruleId": "RemoteEJBProvidersRule",
         "ruleHelpLocation": "/ruleinfo/appmigration/cloud/RemoteEJBProviders.html",
         "devCost": "0",
         "instanceCost": "0",
         "severity": "Information",
         "severityId": "info",
         "recipe": null,
         "alternativeRecipes": [
         ],
         "category": "Technology connectivity considerations for IBM Cloud (not Liberty Core)",
         "categoryId": "appconversion.cloud.category.technology.connectivity.noLibertyCore",
         "totalResults": 3,
         "results": [
            {
               "fileName": "GarageSale.ear/GSEJB.jar/META-INF/ejb-jar.xml",
               "details": [
                  {
                     "reference": null,
                     "match": "home",
                     "lineNumber": 6
                  }
               ]
            },
            {
               "fileName": "GarageSale.ear/WSBankEJB.jar/META-INF/ejb-jar.xml",
               "details": [
                  {
                     "reference": null,
                     "match": "home",
                     "lineNumber": 117
                  }
               ]
            },
            {
               "fileName": "GarageSale.ear/WSNClient.jar/META-INF/ejb-jar.xml",
               "details": [
                  {
                     "reference": null,
                     "match": "home",
                     "lineNumber": 7
                  }
               ]
            }
         ]
      },
      {
         "ruleName": "Remote web services",
         "ruleId": "RemoteWebServicesRule",
         "ruleHelpLocation": "/ruleinfo/appmigration/cloud/RemoteWebServices.html",
         "devCost": "0",
         "instanceCost": "0",
         "severity": "Information",
         "severityId": "info",
         "recipe": null,
         "alternativeRecipes": [
         ],
         "category": "Technology connectivity considerations for IBM Cloud",
         "categoryId": "appconversion.cloud.category.technology.connectivity",
         "totalResults": 3,
         "results": [
            {
               "fileName": "GarageSale.ear/GSEJB.jar/META-INF/ejb-jar.xml",
               "details": [
                  {
                     "reference": null,
                     "match": "service-ref",
                     "lineNumber": 72
                  }
               ]
            },
            {
               "fileName": "GarageSale.ear/ShippingAgent.jar/META-INF/ejb-jar.xml",
               "details": [
                  {
                     "reference": null,
                     "match": "service-ref",
                     "lineNumber": 12
                  }
               ]
            },
            {
               "fileName": "GarageSale.ear/WSNClient.jar/META-INF/ejb-jar.xml",
               "details": [
                  {
                     "reference": null,
                     "match": "service-ref",
                     "lineNumber": 14
                  }
               ]
            }
         ]
      },
      {
         "ruleName": "Stub classes must be included when using remote Enterprise JavaBeans (EJB) 2.x",
         "ruleId": "DetectStubClasses",
         "ruleHelpLocation": "/help/java/DetectStubClasses.html",
         "devCost": "1",
         "instanceCost": "0",
         "severity": "Warning",
         "severityId": "warning",
         "recipe": null,
         "alternativeRecipes": [
         ],
         "category": "Java Technology Support for Liberty",
         "categoryId": "com.ibm.rrd.liberty.rules.liberty.profile.technology.ruleset",
         "totalResults": 3,
         "results": [
            {
               "fileName": "GarageSale.ear/GSEJB.jar/META-INF/ejb-jar.xml",
               "details": [
                  {
                     "reference": null,
                     "match": "ejb-jar.version=2.1",
                     "lineNumber": 1
                  }
               ]
            },
            {
               "fileName": "GarageSale.ear/WSBankEJB.jar/META-INF/ejb-jar.xml",
               "details": [
                  {
                     "reference": null,
                     "match": "ejb-jar.version=2.1",
                     "lineNumber": 2
                  }
               ]
            },
            {
               "fileName": "GarageSale.ear/WSNClient.jar/META-INF/ejb-jar.xml",
               "details": [
                  {
                     "reference": null,
                     "match": "ejb-jar.version=2.1",
                     "lineNumber": 1
                  }
               ]
            }
         ]
      },
      {
         "ruleName": "The JSF SunRI engine was removed",
         "ruleId": "RemovedJSFSunRI",
         "ruleHelpLocation": "/ruleinfo/appconversion/was2was/80/BehaviorApplicationWithJSF.html",
         "devCost": "1",
         "instanceCost": "0.1",
         "severity": "Critical",
         "severityId": "severe",
         "recipe": null,
         "alternativeRecipes": [
         ],
         "category": "WebSphere version migration / V8.5 to V9.0 migration",
         "categoryId": "appconversion.was2was.category / appconversion.was2was.90.impacts.category",
         "totalResults": 1,
         "results": [
            {
               "fileName": "GarageSale.ear/GSjsf20Web.war/WEB-INF/lib/dojo-faces-1.3_00.jar/META-INF/faces-config.xml",
               "details": [
                  {
                     "reference": null,
                     "match": "faces-config",
                     "lineNumber": 22
                  }
               ]
            }
         ]
      },
      {
         "ruleName": "Transaction propagation is not supported for Enterprise JavaBeans (EJB) remote interfaces",
         "ruleId": "DetectTransactionPropagationEJBRemote",
         "ruleHelpLocation": "/help/java/DetectTransactionPropagationEJBRemote.html",
         "devCost": "1",
         "instanceCost": "0.1",
         "severity": "Warning",
         "severityId": "warning",
         "recipe": null,
         "alternativeRecipes": [
         ],
         "category": "Java Technology Support for Liberty",
         "categoryId": "com.ibm.rrd.liberty.rules.liberty.profile.technology.ruleset",
         "totalResults": 5,
         "results": [
            {
               "fileName": "GarageSale.ear/GSEJB.jar/META-INF/ejb-jar.xml",
               "details": [
                  {
                     "reference": null,
                     "match": "remote",
                     "lineNumber": 7
                  },
                  {
                     "reference": null,
                     "match": "remote",
                     "lineNumber": 20
                  }
               ]
            },
            {
               "fileName": "GarageSale.ear/WSBankEJB.jar/META-INF/ejb-jar.xml",
               "details": [
                  {
                     "reference": null,
                     "match": "remote",
                     "lineNumber": 118
                  },
                  {
                     "reference": null,
                     "match": "remote",
                     "lineNumber": 129
                  }
               ]
            },
            {
               "fileName": "GarageSale.ear/WSNClient.jar/META-INF/ejb-jar.xml",
               "details": [
                  {
                     "reference": null,
                     "match": "remote",
                     "lineNumber": 8
                  }
               ]
            }
         ]
      },
      {
         "ruleName": "User-defined EJB binding locations were previously ignored in Liberty",
         "ruleId": "DetectEJBJNDIbindingName",
         "ruleHelpLocation": "/ruleinfo/appconversion/was2liberty/DetectEJBJNDIbindingName.html",
         "devCost": "0",
         "instanceCost": "0",
         "severity": "Information",
         "severityId": "info",
         "recipe": null,
         "alternativeRecipes": [
         ],
         "category": "WebSphere traditional to Liberty",
         "categoryId": "appconversion.was2liberty.category",
         "totalResults": 13,
         "results": [
            {
               "fileName": "GarageSale.ear/GSEJB.jar/META-INF/ibm-ejb-jar-bnd.xmi",
               "details": [
                  {
                     "reference": null,
                     "match": "ejbBindings.jndiName=ejb/com/ibm/websphere/svt/gs/ejb/CategoryLocalHome",
                     "lineNumber": 54
                  },
                  {
                     "reference": null,
                     "match": "ejbBindings.jndiName=ejb/com/ibm/websphere/svt/gs/ejb/CustomerInfoLocalHome",
                     "lineNumber": 50
                  },
                  {
                     "reference": null,
                     "match": "ejbBindings.jndiName=ejb/com/ibm/websphere/svt/gs/ejb/CustomerLocalHome",
                     "lineNumber": 46
                  },
                  {
                     "reference": null,
                     "match": "ejbBindings.jndiName=ejb/com/ibm/websphere/svt/gs/ejb/InventoryLocalHome",
                     "lineNumber": 61
                  },
                  {
                     "reference": null,
                     "match": "ejbBindings.jndiName=ejb/com/ibm/websphere/svt/gs/ejb/MfgCategoryLocalHome",
                     "lineNumber": 65
                  },
                  {
                     "reference": null,
                     "match": "ejbBindings.jndiName=ejb/com/ibm/websphere/svt/gs/ejb/SettingsLocalHome",
                     "lineNumber": 76
                  },
                  {
                     "reference": null,
                     "match": "ejbBindings.jndiName=ejb/com/ibm/websphere/svt/gs/ejb/StoreCreditLocalHome",
                     "lineNumber": 72
                  },
                  {
                     "reference": null,
                     "match": "ejbBindings.jndiName=ejb/com/ibm/websphere/svt/gs/ejb/StoreManagerLocalHome",
                     "lineNumber": 4
                  }
               ]
            },
            {
               "fileName": "GarageSale.ear/WSBankEJB.jar/META-INF/ibm-ejb-jar-bnd.xmi",
               "details": [
                  {
                     "reference": null,
                     "match": "ejbBindings.jndiName=ejb/com/ibm/websphere/svt/wsbank/ejb/AccountLocalHome",
                     "lineNumber": 4
                  },
                  {
                     "reference": null,
                     "match": "ejbBindings.jndiName=ejb/com/ibm/websphere/svt/wsbank/ejb/BankManagerHome",
                     "lineNumber": 13
                  },
                  {
                     "reference": null,
                     "match": "ejbBindings.jndiName=ejb/com/ibm/websphere/svt/wsbank/ejb/SubAccountLocalHome",
                     "lineNumber": 7
                  },
                  {
                     "reference": null,
                     "match": "ejbBindings.jndiName=ejb/com/ibm/websphere/svt/wsbank/ejb/TransactionHistoryLocalHome",
                     "lineNumber": 10
                  }
               ]
            },
            {
               "fileName": "GarageSale.ear/WSNClient.jar/META-INF/ibm-ejb-jar-bnd.xmi",
               "details": [
                  {
                     "reference": null,
                     "match": "ejbBindings.jndiName=ejb/com/ibm/websphere/svt/wsn/WSNProxyHome",
                     "lineNumber": 4
                  }
               ]
            }
         ]
      },
      {
         "ruleName": "Validate the URL host and port for cloud access",
         "ruleId": "URLRuleDockerCloud",
         "ruleHelpLocation": "/ruleinfo/appmigration/cloud/UrlRule.html",
         "devCost": "0",
         "instanceCost": "0",
         "severity": "Information",
         "severityId": "info",
         "recipe": null,
         "alternativeRecipes": [
         ],
         "category": "Connectivity considerations for IBM Cloud (Containers and Virtual machines)",
         "categoryId": "appconversion.cloud.category.connectivity.dockerAndWASOnCloud",
         "totalResults": 22,
         "results": [
            {
               "fileName": "GarageSale.ear/GSAdmin.war",
               "details": [
                  {
                     "reference": "1",
                     "match": "address.location=http://localhost:9080/GSEJBWrapper/StoreManagerWrapperService",
                     "lineNumber": 0
                  }
               ]
            },
            {
               "fileName": "GarageSale.ear/GSAdmin.war/GarageSaleUtils.jar",
               "details": [
                  {
                     "reference": "1",
                     "match": "CCManager.WSDL.Address=http://localhost:9080/CCEJBWrapper/CCManagerWrapperService/WEB-INF/wsdl/CCManagerWrapperService.wsdl",
                     "lineNumber": 0
                  },
                  {
                     "reference": "1",
                     "match": "StoreManager.WSDL.Address=http://localhost:9080/GSEJBWrapper/StoreManagerWrapperService/WEB-INF/wsdl/StoreManagerWrapperService.wsdl",
                     "lineNumber": 0
                  }
               ]
            },
            {
               "fileName": "GarageSale.ear/GSEJB.jar",
               "details": [
                  {
                     "reference": "1",
                     "match": "address.location=http://localhost:9080/WSBankEJB/services/BankManager",
                     "lineNumber": 0
                  }
               ]
            },
            {
               "fileName": "GarageSale.ear/GSEJB.jar/GarageSaleUtils.jar",
               "details": [
                  {
                     "reference": "1",
                     "match": "CCManager.WSDL.Address=http://localhost:9080/CCEJBWrapper/CCManagerWrapperService/WEB-INF/wsdl/CCManagerWrapperService.wsdl",
                     "lineNumber": 0
                  },
                  {
                     "reference": "1",
                     "match": "StoreManager.WSDL.Address=http://localhost:9080/GSEJBWrapper/StoreManagerWrapperService/WEB-INF/wsdl/StoreManagerWrapperService.wsdl",
                     "lineNumber": 0
                  }
               ]
            },
            {
               "fileName": "GarageSale.ear/GSEJBWrapper.war",
               "details": [
                  {
                     "reference": "1",
                     "match": "address.location=http://localhost:9080/GSEJBWrapper/StoreManagerWrapperService",
                     "lineNumber": 0
                  }
               ]
            },
            {
               "fileName": "GarageSale.ear/GSjsf20Web.war",
               "details": [
                  {
                     "reference": "1",
                     "match": "address.location=http://localhost:9080/GSEJBWrapper/StoreManagerWrapperService",
                     "lineNumber": 0
                  }
               ]
            },
            {
               "fileName": "GarageSale.ear/GSjsf20Web.war/GarageSaleUtils.jar",
               "details": [
                  {
                     "reference": "1",
                     "match": "CCManager.WSDL.Address=http://localhost:9080/CCEJBWrapper/CCManagerWrapperService/WEB-INF/wsdl/CCManagerWrapperService.wsdl",
                     "lineNumber": 0
                  },
                  {
                     "reference": "1",
                     "match": "StoreManager.WSDL.Address=http://localhost:9080/GSEJBWrapper/StoreManagerWrapperService/WEB-INF/wsdl/StoreManagerWrapperService.wsdl",
                     "lineNumber": 0
                  }
               ]
            },
            {
               "fileName": "GarageSale.ear/GSjsf20Web.war/WEB-INF/lib/GarageSaleUtils.jar",
               "details": [
                  {
                     "reference": "1",
                     "match": "CCManager.WSDL.Address=http://localhost:9080/CCEJBWrapper/CCManagerWrapperService/WEB-INF/wsdl/CCManagerWrapperService.wsdl",
                     "lineNumber": 0
                  },
                  {
                     "reference": "1",
                     "match": "StoreManager.WSDL.Address=http://localhost:9080/GSEJBWrapper/StoreManagerWrapperService/WEB-INF/wsdl/StoreManagerWrapperService.wsdl",
                     "lineNumber": 0
                  }
               ]
            },
            {
               "fileName": "GarageSale.ear/GarageSaleUtils.jar",
               "details": [
                  {
                     "reference": "1",
                     "match": "CCManager.WSDL.Address=http://localhost:9080/CCEJBWrapper/CCManagerWrapperService/WEB-INF/wsdl/CCManagerWrapperService.wsdl",
                     "lineNumber": 0
                  },
                  {
                     "reference": "1",
                     "match": "StoreManager.WSDL.Address=http://localhost:9080/GSEJBWrapper/StoreManagerWrapperService/WEB-INF/wsdl/StoreManagerWrapperService.wsdl",
                     "lineNumber": 0
                  }
               ]
            },
            {
               "fileName": "GarageSale.ear/Shipping.war",
               "details": [
                  {
                     "reference": "2",
                     "match": "address.location=http://localhost:9080/Shipping/services/GSShipping",
                     "lineNumber": 0
                  }
               ]
            },
            {
               "fileName": "GarageSale.ear/ShippingAgent.jar",
               "details": [
                  {
                     "reference": "1",
                     "match": "address.location=http://localhost:9080/GSEJBWrapper/StoreManagerWrapperService",
                     "lineNumber": 0
                  },
                  {
                     "reference": "1",
                     "match": "address.location=http://localhost:9080/Shipping/services/GSShipping",
                     "lineNumber": 0
                  }
               ]
            },
            {
               "fileName": "GarageSale.ear/ShippingAgent.jar/GarageSaleUtils.jar",
               "details": [
                  {
                     "reference": "1",
                     "match": "CCManager.WSDL.Address=http://localhost:9080/CCEJBWrapper/CCManagerWrapperService/WEB-INF/wsdl/CCManagerWrapperService.wsdl",
                     "lineNumber": 0
                  },
                  {
                     "reference": "1",
                     "match": "StoreManager.WSDL.Address=http://localhost:9080/GSEJBWrapper/StoreManagerWrapperService/WEB-INF/wsdl/StoreManagerWrapperService.wsdl",
                     "lineNumber": 0
                  }
               ]
            },
            {
               "fileName": "GarageSale.ear/WSBankEJB.jar",
               "details": [
                  {
                     "reference": "1",
                     "match": "address.location=http://localhost:9080/WSBankEJB/services/BankManager",
                     "lineNumber": 0
                  }
               ]
            },
            {
               "fileName": "GarageSale.ear/WSBankEJB_HTTPRouter.war",
               "details": [
                  {
                     "reference": "2",
                     "match": "address.location=http://localhost:9080/WSBankEJB/services/BankManager",
                     "lineNumber": 0
                  }
               ]
            },
            {
               "fileName": "GarageSale.ear/WSNClient.jar",
               "details": [
                  {
                     "reference": "1",
                     "match": "address.location=http://nucleus:9080/GSLendpoint/soaphttpengine/loggerbus/GSLnotserviceNotificationBroker/gslnotificationservicepointNotificationBrokerPort",
                     "lineNumber": 0
                  }
               ]
            }
         ]
      },
      {
         "ruleName": "Web Services Atomic Transaction (WS-AT) Version 1.2 is available",
         "ruleId": "DetectWSATXML",
         "ruleHelpLocation": "/ruleinfo/appconversion/was2liberty/WSAT_Support.html",
         "devCost": "0",
         "instanceCost": "0",
         "severity": "Warning",
         "severityId": "warning",
         "recipe": null,
         "alternativeRecipes": [
         ],
         "category": "WebSphere traditional to Liberty",
         "categoryId": "appconversion.was2liberty.category",
         "totalResults": 2,
         "results": [
            {
               "fileName": "GarageSale.ear/GSEJB.jar/META-INF/ibm-ejb-jar-ext.xmi",
               "details": [
                  {
                     "reference": null,
                     "match": "globalTransaction.sendWSAT=true",
                     "lineNumber": 5
                  }
               ]
            },
            {
               "fileName": "GarageSale.ear/WSBankEJB_HTTPRouter.war/WEB-INF/ibm-web-ext.xmi",
               "details": [
                  {
                     "reference": null,
                     "match": "webGlobalTransaction.supportsWSAT=true",
                     "lineNumber": 6
                  }
               ]
            }
         ]
      },
      {
         "ruleName": "Web Services Notification (WS-Notification) is unavailable",
         "ruleId": "DetectWSNotificationJava",
         "ruleHelpLocation": "/help/java/DetectWSNotification.html",
         "devCost": "5",
         "instanceCost": "0",
         "severity": "Critical",
         "severityId": "severe",
         "recipe": null,
         "alternativeRecipes": [
         ],
         "category": "Java Technology Support for Liberty",
         "categoryId": "com.ibm.rrd.liberty.rules.liberty.profile.technology.ruleset",
         "totalResults": 6,
         "results": [
            {
               "fileName": "GarageSale.ear/WSNClient.jar/META-INF/wsdl/loggerbus.GSLnotserviceNotificationBrokerBindings.wsdl",
               "details": [
                  {
                     "reference": null,
                     "match": "import.location=http://docs.oasis-open.org/wsn/brw-2.wsdl",
                     "lineNumber": 7
                  },
                  {
                     "reference": null,
                     "match": "import.location=http://docs.oasis-open.org/wsn/bw-2.wsdl",
                     "lineNumber": 6
                  }
               ]
            },
            {
               "fileName": "GarageSale.ear/WSNClient.jar/META-INF/wsdl/loggerbus.GSLnotserviceNotificationBrokerPortTypes.wsdl",
               "details": [
                  {
                     "reference": null,
                     "match": "import.location=http://docs.oasis-open.org/wsn/brw-2.wsdl",
                     "lineNumber": 6
                  },
                  {
                     "reference": null,
                     "match": "import.location=http://docs.oasis-open.org/wsn/bw-2.wsdl",
                     "lineNumber": 5
                  }
               ]
            },
            {
               "fileName": "GarageSale.ear/WSNClient.jar/META-INF/wsdl/loggerbus.GSLnotserviceNotificationBrokerService.wsdl",
               "details": [
                  {
                     "reference": null,
                     "match": "import.location=http://docs.oasis-open.org/wsn/brw-2.wsdl",
                     "lineNumber": 7
                  },
                  {
                     "reference": null,
                     "match": "import.location=http://docs.oasis-open.org/wsn/bw-2.wsdl",
                     "lineNumber": 6
                  }
               ]
            }
         ]
      }
   ]
}