{
   "report": "analysis",
   "version": "1.4",
   "productVersion": "24.0.0.1",
   "productRelease": "24.0.0.1",
   "buildID": "v20240324_2333",
   "options": [
      "--sourceAppServer=was855",
      "--sourceJava=ibm6",
      "--sourceJavaEE=ee6",
      "--targetAppServer=was855",
      "--targetJava=ibm8",
      "--targetJavaEE=ee6",
      "--targetCloud=containers",
      "--includeHelpLocation",
      "--excludePackages=ch.qos,com.cloudant,com.cognos,com.fasterxml,com.filenet,com.ibatis,com.ibm,com.informix,com.lowagie,com.mchange,com.meterware,com.microsoft,com.mongodb,com.mysql,com.sun,com.sybase,filenet,freemarker,groovy,jakarta,java,javax,net,oracle,org,sqlj,sun,twitter4j,_ibmjsp"
   ],
   "totalRulesFlagged": 9,
   "filesAffected": 64,
   "totalResults": 80,
   "severitySummary": [
      {
         "severity": "Information",
         "severityId": "info",
         "totalRulesFlagged": 9,
         "totalResults": 80,
         "totalRulesFlaggedWithAutomatedFix": 0,
         "totalResultsWithAutomatedFix": 0
      }
   ],
   "applications": [
      "/root/jam/jamEarFiles/GarageSale.ear"
   ],
   "rules": [
      {
         "ruleName": "Databases",
         "ruleId": "DatabasesRule",
         "ruleHelpLocation": "/ruleinfo/appmigration/cloud/Databases.html",
         "devCost": "0",
         "instanceCost": "0",
         "severity": "Information",
         "severityId": "info",
         "recipe": null,
         "alternativeRecipes": [
         ],
         "category": "Technology connectivity considerations for IBM Cloud",
         "categoryId": "appconversion.cloud.category.technology.connectivity",
         "totalResults": 3,
         "results": [
            {
               "fileName": "GarageSale.ear/CreditCardEJB.jar/META-INF/persistence.xml",
               "details": [
                  {
                     "reference": null,
                     "match": "jta-data-source=jdbc/ccdb",
                     "lineNumber": 5
                  }
               ]
            },
            {
               "fileName": "GarageSale.ear/GSAdmin.war/WEB-INF/web.xml",
               "details": [
                  {
                     "reference": null,
                     "match": "res-type=javax.sql.DataSource",
                     "lineNumber": 49
                  }
               ]
            },
            {
               "fileName": "GarageSale.ear/GSjsf20Web.war/WEB-INF/lib/ProdReviewTaxShipRateEJB.jar/META-INF/persistence.xml",
               "details": [
                  {
                     "reference": null,
                     "match": "jta-data-source=jdbc/gsdb",
                     "lineNumber": 4
                  }
               ]
            }
         ]
      },
      {
         "ruleName": "Handling application configuration in Docker containers",
         "ruleId": "DetectPropertiesFiles",
         "ruleHelpLocation": "/ruleinfo/appmigration/cloud/DetectPropertiesFiles.html",
         "devCost": "0",
         "instanceCost": "0",
         "severity": "Information",
         "severityId": "info",
         "recipe": null,
         "alternativeRecipes": [
         ],
         "category": "Containers (OpenShift, Kubernetes)",
         "categoryId": "appconversion.cloud.category.docker",
         "totalResults": 41,
         "results": [
            {
               "fileName": "GarageSale.ear/CreditCardEJB.jar/META-INF/ibm_ejbext.properties",
               "details": [
                  {
                     "reference": null,
                     "match": "(.*)?\\.properties",
                     "lineNumber": 0
                  }
               ]
            },
            {
               "fileName": "GarageSale.ear/GSAdmin.war/GarageSaleUtils.jar/GarageSaleWSFP.properties",
               "details": [
                  {
                     "reference": null,
                     "match": "(.*)?\\.properties",
                     "lineNumber": 0
                  }
               ]
            },
            {
               "fileName": "GarageSale.ear/GSEJB.jar/GarageSaleUtils.jar/GarageSaleWSFP.properties",
               "details": [
                  {
                     "reference": null,
                     "match": "(.*)?\\.properties",
                     "lineNumber": 0
                  }
               ]
            },
            {
               "fileName": "GarageSale.ear/GSEJB.jar/META-INF/backends/DB2UDBAS400_V54_1/ibm_pmbab.properties",
               "details": [
                  {
                     "reference": null,
                     "match": "(.*)?\\.properties",
                     "lineNumber": 0
                  }
               ]
            },
            {
               "fileName": "GarageSale.ear/GSEJB.jar/META-INF/backends/DB2UDBNT_V82_1/ibm_pmbab.properties",
               "details": [
                  {
                     "reference": null,
                     "match": "(.*)?\\.properties",
                     "lineNumber": 0
                  }
               ]
            },
            {
               "fileName": "GarageSale.ear/GSEJB.jar/META-INF/backends/DB2UDBNT_V91_1/ibm_pmbab.properties",
               "details": [
                  {
                     "reference": null,
                     "match": "(.*)?\\.properties",
                     "lineNumber": 0
                  }
               ]
            },
            {
               "fileName": "GarageSale.ear/GSEJB.jar/META-INF/backends/DB2UDBNT_V95_1/ibm_pmbab.properties",
               "details": [
                  {
                     "reference": null,
                     "match": "(.*)?\\.properties",
                     "lineNumber": 0
                  }
               ]
            },
            {
               "fileName": "GarageSale.ear/GSEJB.jar/META-INF/backends/DB2UDBNT_V97_1/ibm_pmbab.properties",
               "details": [
                  {
                     "reference": null,
                     "match": "(.*)?\\.properties",
                     "lineNumber": 0
                  }
               ]
            },
            {
               "fileName": "GarageSale.ear/GSEJB.jar/META-INF/backends/DB2UDBNT_V98_1/ibm_pmbab.properties",
               "details": [
                  {
                     "reference": null,
                     "match": "(.*)?\\.properties",
                     "lineNumber": 0
                  }
               ]
            },
            {
               "fileName": "GarageSale.ear/GSEJB.jar/META-INF/backends/DB2UDBOS390_COMPAT_V9_1/ibm_pmbab.properties",
               "details": [
                  {
                     "reference": null,
                     "match": "(.*)?\\.properties",
                     "lineNumber": 0
                  }
               ]
            },
            {
               "fileName": "GarageSale.ear/GSEJB.jar/META-INF/backends/DB2UDBOS390_V9_1/ibm_pmbab.properties",
               "details": [
                  {
                     "reference": null,
                     "match": "(.*)?\\.properties",
                     "lineNumber": 0
                  }
               ]
            },
            {
               "fileName": "GarageSale.ear/GSEJB.jar/META-INF/backends/DERBY_V100_1/ibm_pmbab.properties",
               "details": [
                  {
                     "reference": null,
                     "match": "(.*)?\\.properties",
                     "lineNumber": 0
                  }
               ]
            },
            {
               "fileName": "GarageSale.ear/GSEJB.jar/META-INF/backends/DERBY_V101_1/ibm_pmbab.properties",
               "details": [
                  {
                     "reference": null,
                     "match": "(.*)?\\.properties",
                     "lineNumber": 0
                  }
               ]
            },
            {
               "fileName": "GarageSale.ear/GSEJB.jar/META-INF/backends/DERBY_V102_1/ibm_pmbab.properties",
               "details": [
                  {
                     "reference": null,
                     "match": "(.*)?\\.properties",
                     "lineNumber": 0
                  }
               ]
            },
            {
               "fileName": "GarageSale.ear/GSEJB.jar/META-INF/backends/MSSQLSERVER_V2005_1/ibm_pmbab.properties",
               "details": [
                  {
                     "reference": null,
                     "match": "(.*)?\\.properties",
                     "lineNumber": 0
                  }
               ]
            },
            {
               "fileName": "GarageSale.ear/GSEJB.jar/META-INF/backends/ORACLE_V10_1/ibm_pmbab.properties",
               "details": [
                  {
                     "reference": null,
                     "match": "(.*)?\\.properties",
                     "lineNumber": 0
                  }
               ]
            },
            {
               "fileName": "GarageSale.ear/GSEJB.jar/META-INF/backends/ORACLE_V11_1/ibm_pmbab.properties",
               "details": [
                  {
                     "reference": null,
                     "match": "(.*)?\\.properties",
                     "lineNumber": 0
                  }
               ]
            },
            {
               "fileName": "GarageSale.ear/GSEJB.jar/META-INF/ibm_ejbext.properties",
               "details": [
                  {
                     "reference": null,
                     "match": "(.*)?\\.properties",
                     "lineNumber": 0
                  }
               ]
            },
            {
               "fileName": "GarageSale.ear/GSjsf20Web.war/GarageSaleUtils.jar/GarageSaleWSFP.properties",
               "details": [
                  {
                     "reference": null,
                     "match": "(.*)?\\.properties",
                     "lineNumber": 0
                  }
               ]
            },
            {
               "fileName": "GarageSale.ear/GSjsf20Web.war/WEB-INF/classes/com/ibm/websphere/svt/portlets/faces/nl/GSjsf20WebPortletResource.properties",
               "details": [
                  {
                     "reference": null,
                     "match": "(.*)?\\.properties",
                     "lineNumber": 0
                  }
               ]
            },
            {
               "fileName": "GarageSale.ear/GSjsf20Web.war/WEB-INF/lib/GarageSaleUtils.jar/GarageSaleWSFP.properties",
               "details": [
                  {
                     "reference": null,
                     "match": "(.*)?\\.properties",
                     "lineNumber": 0
                  }
               ]
            },
            {
               "fileName": "GarageSale.ear/GarageSaleUtils.jar/GarageSaleWSFP.properties",
               "details": [
                  {
                     "reference": null,
                     "match": "(.*)?\\.properties",
                     "lineNumber": 0
                  }
               ]
            },
            {
               "fileName": "GarageSale.ear/ShippingAgent.jar/GarageSaleUtils.jar/GarageSaleWSFP.properties",
               "details": [
                  {
                     "reference": null,
                     "match": "(.*)?\\.properties",
                     "lineNumber": 0
                  }
               ]
            },
            {
               "fileName": "GarageSale.ear/ShippingAgent.jar/META-INF/ibm_ejbext.properties",
               "details": [
                  {
                     "reference": null,
                     "match": "(.*)?\\.properties",
                     "lineNumber": 0
                  }
               ]
            },
            {
               "fileName": "GarageSale.ear/WSBankEJB.jar/META-INF/backends/DB2UDBAS400_V54_1/ibm_pmbab.properties",
               "details": [
                  {
                     "reference": null,
                     "match": "(.*)?\\.properties",
                     "lineNumber": 0
                  }
               ]
            },
            {
               "fileName": "GarageSale.ear/WSBankEJB.jar/META-INF/backends/DB2UDBNT_V82_1/ibm_pmbab.properties",
               "details": [
                  {
                     "reference": null,
                     "match": "(.*)?\\.properties",
                     "lineNumber": 0
                  }
               ]
            },
            {
               "fileName": "GarageSale.ear/WSBankEJB.jar/META-INF/backends/DB2UDBNT_V91_1/ibm_pmbab.properties",
               "details": [
                  {
                     "reference": null,
                     "match": "(.*)?\\.properties",
                     "lineNumber": 0
                  }
               ]
            },
            {
               "fileName": "GarageSale.ear/WSBankEJB.jar/META-INF/backends/DB2UDBNT_V95_1/ibm_pmbab.properties",
               "details": [
                  {
                     "reference": null,
                     "match": "(.*)?\\.properties",
                     "lineNumber": 0
                  }
               ]
            },
            {
               "fileName": "GarageSale.ear/WSBankEJB.jar/META-INF/backends/DB2UDBNT_V97_1/ibm_pmbab.properties",
               "details": [
                  {
                     "reference": null,
                     "match": "(.*)?\\.properties",
                     "lineNumber": 0
                  }
               ]
            },
            {
               "fileName": "GarageSale.ear/WSBankEJB.jar/META-INF/backends/DB2UDBNT_V98_1/ibm_pmbab.properties",
               "details": [
                  {
                     "reference": null,
                     "match": "(.*)?\\.properties",
                     "lineNumber": 0
                  }
               ]
            },
            {
               "fileName": "GarageSale.ear/WSBankEJB.jar/META-INF/backends/DB2UDBOS390_COMPAT_V9_1/ibm_pmbab.properties",
               "details": [
                  {
                     "reference": null,
                     "match": "(.*)?\\.properties",
                     "lineNumber": 0
                  }
               ]
            },
            {
               "fileName": "GarageSale.ear/WSBankEJB.jar/META-INF/backends/DB2UDBOS390_V9_1/ibm_pmbab.properties",
               "details": [
                  {
                     "reference": null,
                     "match": "(.*)?\\.properties",
                     "lineNumber": 0
                  }
               ]
            },
            {
               "fileName": "GarageSale.ear/WSBankEJB.jar/META-INF/backends/DERBY_V100_1/ibm_pmbab.properties",
               "details": [
                  {
                     "reference": null,
                     "match": "(.*)?\\.properties",
                     "lineNumber": 0
                  }
               ]
            },
            {
               "fileName": "GarageSale.ear/WSBankEJB.jar/META-INF/backends/DERBY_V101_1/ibm_pmbab.properties",
               "details": [
                  {
                     "reference": null,
                     "match": "(.*)?\\.properties",
                     "lineNumber": 0
                  }
               ]
            },
            {
               "fileName": "GarageSale.ear/WSBankEJB.jar/META-INF/backends/DERBY_V102_1/ibm_pmbab.properties",
               "details": [
                  {
                     "reference": null,
                     "match": "(.*)?\\.properties",
                     "lineNumber": 0
                  }
               ]
            },
            {
               "fileName": "GarageSale.ear/WSBankEJB.jar/META-INF/backends/MSSQLSERVER_V2005_1/ibm_pmbab.properties",
               "details": [
                  {
                     "reference": null,
                     "match": "(.*)?\\.properties",
                     "lineNumber": 0
                  }
               ]
            },
            {
               "fileName": "GarageSale.ear/WSBankEJB.jar/META-INF/backends/ORACLE_V10_1/ibm_pmbab.properties",
               "details": [
                  {
                     "reference": null,
                     "match": "(.*)?\\.properties",
                     "lineNumber": 0
                  }
               ]
            },
            {
               "fileName": "GarageSale.ear/WSBankEJB.jar/META-INF/backends/ORACLE_V11_1/ibm_pmbab.properties",
               "details": [
                  {
                     "reference": null,
                     "match": "(.*)?\\.properties",
                     "lineNumber": 0
                  }
               ]
            },
            {
               "fileName": "GarageSale.ear/WSBankEJB.jar/META-INF/backends/ORACLE_V9_1/ibm_pmbab.properties",
               "details": [
                  {
                     "reference": null,
                     "match": "(.*)?\\.properties",
                     "lineNumber": 0
                  }
               ]
            },
            {
               "fileName": "GarageSale.ear/WSBankEJB.jar/META-INF/ibm_ejbext.properties",
               "details": [
                  {
                     "reference": null,
                     "match": "(.*)?\\.properties",
                     "lineNumber": 0
                  }
               ]
            },
            {
               "fileName": "GarageSale.ear/WSNClient.jar/META-INF/ibm_ejbext.properties",
               "details": [
                  {
                     "reference": null,
                     "match": "(.*)?\\.properties",
                     "lineNumber": 0
                  }
               ]
            }
         ]
      },
      {
         "ruleName": "Java EE security",
         "ruleId": "ApplicationSecurityRule",
         "ruleHelpLocation": "/ruleinfo/appmigration/cloud/ApplicationSecurity.html",
         "devCost": "0",
         "instanceCost": "0",
         "severity": "Information",
         "severityId": "info",
         "recipe": null,
         "alternativeRecipes": [
         ],
         "category": "Technology connectivity considerations for IBM Cloud",
         "categoryId": "appconversion.cloud.category.technology.connectivity",
         "totalResults": 3,
         "results": [
            {
               "fileName": "GarageSale.ear/GSEJB.jar/META-INF/ejb-jar.xml",
               "details": [
                  {
                     "reference": null,
                     "match": "method-permission",
                     "lineNumber": 442
                  }
               ]
            },
            {
               "fileName": "GarageSale.ear/WSBankEJB.jar/META-INF/ejb-jar.xml",
               "details": [
                  {
                     "reference": null,
                     "match": "method-permission",
                     "lineNumber": 162
                  }
               ]
            },
            {
               "fileName": "GarageSale.ear/WSNClient.jar/META-INF/ejb-jar.xml",
               "details": [
                  {
                     "reference": null,
                     "match": "method-permission",
                     "lineNumber": 28
                  }
               ]
            }
         ]
      },
      {
         "ruleName": "Java Message Service (JMS)",
         "ruleId": "JMSRule",
         "ruleHelpLocation": "/ruleinfo/appmigration/cloud/JMS.html",
         "devCost": "0",
         "instanceCost": "0",
         "severity": "Information",
         "severityId": "info",
         "recipe": null,
         "alternativeRecipes": [
         ],
         "category": "Technology connectivity considerations for IBM Cloud (not Liberty Core)",
         "categoryId": "appconversion.cloud.category.technology.connectivity.noLibertyCore",
         "totalResults": 2,
         "results": [
            {
               "fileName": "GarageSale.ear/GSEJB.jar/META-INF/ejb-jar.xml",
               "details": [
                  {
                     "reference": null,
                     "match": "res-type=javax.jms.QueueConnectionFactory",
                     "lineNumber": 87
                  }
               ]
            },
            {
               "fileName": "GarageSale.ear/GSTest.war/WEB-INF/web.xml",
               "details": [
                  {
                     "reference": null,
                     "match": "res-type=javax.jms.QueueConnectionFactory",
                     "lineNumber": 25
                  }
               ]
            }
         ]
      },
      {
         "ruleName": "Message-Driven Beans (MDB)",
         "ruleId": "MDBRule",
         "ruleHelpLocation": "/ruleinfo/appmigration/cloud/MDB.html",
         "devCost": "0",
         "instanceCost": "0",
         "severity": "Information",
         "severityId": "info",
         "recipe": null,
         "alternativeRecipes": [
         ],
         "category": "Technology connectivity considerations for IBM Cloud (not Liberty Core)",
         "categoryId": "appconversion.cloud.category.technology.connectivity.noLibertyCore",
         "totalResults": 1,
         "results": [
            {
               "fileName": "GarageSale.ear/ShippingAgent.jar/META-INF/ejb-jar.xml",
               "details": [
                  {
                     "reference": null,
                     "match": "message-driven",
                     "lineNumber": 5
                  }
               ]
            }
         ]
      },
      {
         "ruleName": "Remote EJB lookups",
         "ruleId": "RemoteEJBLookupsRule",
         "ruleHelpLocation": "/ruleinfo/appmigration/cloud/RemoteEJBLookups.html",
         "devCost": "0",
         "instanceCost": "0",
         "severity": "Information",
         "severityId": "info",
         "recipe": null,
         "alternativeRecipes": [
         ],
         "category": "Technology connectivity considerations for IBM Cloud (not Liberty Core)",
         "categoryId": "appconversion.cloud.category.technology.connectivity.noLibertyCore",
         "totalResults": 2,
         "results": [
            {
               "fileName": "GarageSale.ear/GSEJB.jar/META-INF/ejb-jar.xml",
               "details": [
                  {
                     "reference": null,
                     "match": "home",
                     "lineNumber": 19
                  }
               ]
            },
            {
               "fileName": "GarageSale.ear/WSBankEJB.jar/META-INF/ejb-jar.xml",
               "details": [
                  {
                     "reference": null,
                     "match": "home",
                     "lineNumber": 128
                  }
               ]
            }
         ]
      },
      {
         "ruleName": "Remote EJB providers",
         "ruleId": "RemoteEJBProvidersRule",
         "ruleHelpLocation": "/ruleinfo/appmigration/cloud/RemoteEJBProviders.html",
         "devCost": "0",
         "instanceCost": "0",
         "severity": "Information",
         "severityId": "info",
         "recipe": null,
         "alternativeRecipes": [
         ],
         "category": "Technology connectivity considerations for IBM Cloud (not Liberty Core)",
         "categoryId": "appconversion.cloud.category.technology.connectivity.noLibertyCore",
         "totalResults": 3,
         "results": [
            {
               "fileName": "GarageSale.ear/GSEJB.jar/META-INF/ejb-jar.xml",
               "details": [
                  {
                     "reference": null,
                     "match": "home",
                     "lineNumber": 6
                  }
               ]
            },
            {
               "fileName": "GarageSale.ear/WSBankEJB.jar/META-INF/ejb-jar.xml",
               "details": [
                  {
                     "reference": null,
                     "match": "home",
                     "lineNumber": 117
                  }
               ]
            },
            {
               "fileName": "GarageSale.ear/WSNClient.jar/META-INF/ejb-jar.xml",
               "details": [
                  {
                     "reference": null,
                     "match": "home",
                     "lineNumber": 7
                  }
               ]
            }
         ]
      },
      {
         "ruleName": "Remote web services",
         "ruleId": "RemoteWebServicesRule",
         "ruleHelpLocation": "/ruleinfo/appmigration/cloud/RemoteWebServices.html",
         "devCost": "0",
         "instanceCost": "0",
         "severity": "Information",
         "severityId": "info",
         "recipe": null,
         "alternativeRecipes": [
         ],
         "category": "Technology connectivity considerations for IBM Cloud",
         "categoryId": "appconversion.cloud.category.technology.connectivity",
         "totalResults": 3,
         "results": [
            {
               "fileName": "GarageSale.ear/GSEJB.jar/META-INF/ejb-jar.xml",
               "details": [
                  {
                     "reference": null,
                     "match": "service-ref",
                     "lineNumber": 72
                  }
               ]
            },
            {
               "fileName": "GarageSale.ear/ShippingAgent.jar/META-INF/ejb-jar.xml",
               "details": [
                  {
                     "reference": null,
                     "match": "service-ref",
                     "lineNumber": 12
                  }
               ]
            },
            {
               "fileName": "GarageSale.ear/WSNClient.jar/META-INF/ejb-jar.xml",
               "details": [
                  {
                     "reference": null,
                     "match": "service-ref",
                     "lineNumber": 14
                  }
               ]
            }
         ]
      },
      {
         "ruleName": "Validate the URL host and port for cloud access",
         "ruleId": "URLRuleDockerCloud",
         "ruleHelpLocation": "/ruleinfo/appmigration/cloud/UrlRule.html",
         "devCost": "0",
         "instanceCost": "0",
         "severity": "Information",
         "severityId": "info",
         "recipe": null,
         "alternativeRecipes": [
         ],
         "category": "Connectivity considerations for IBM Cloud (Containers and Virtual machines)",
         "categoryId": "appconversion.cloud.category.connectivity.dockerAndWASOnCloud",
         "totalResults": 22,
         "results": [
            {
               "fileName": "GarageSale.ear/GSAdmin.war",
               "details": [
                  {
                     "reference": "1",
                     "match": "address.location=http://localhost:9080/GSEJBWrapper/StoreManagerWrapperService",
                     "lineNumber": 0
                  }
               ]
            },
            {
               "fileName": "GarageSale.ear/GSAdmin.war/GarageSaleUtils.jar",
               "details": [
                  {
                     "reference": "1",
                     "match": "CCManager.WSDL.Address=http://localhost:9080/CCEJBWrapper/CCManagerWrapperService/WEB-INF/wsdl/CCManagerWrapperService.wsdl",
                     "lineNumber": 0
                  },
                  {
                     "reference": "1",
                     "match": "StoreManager.WSDL.Address=http://localhost:9080/GSEJBWrapper/StoreManagerWrapperService/WEB-INF/wsdl/StoreManagerWrapperService.wsdl",
                     "lineNumber": 0
                  }
               ]
            },
            {
               "fileName": "GarageSale.ear/GSEJB.jar",
               "details": [
                  {
                     "reference": "1",
                     "match": "address.location=http://localhost:9080/WSBankEJB/services/BankManager",
                     "lineNumber": 0
                  }
               ]
            },
            {
               "fileName": "GarageSale.ear/GSEJB.jar/GarageSaleUtils.jar",
               "details": [
                  {
                     "reference": "1",
                     "match": "CCManager.WSDL.Address=http://localhost:9080/CCEJBWrapper/CCManagerWrapperService/WEB-INF/wsdl/CCManagerWrapperService.wsdl",
                     "lineNumber": 0
                  },
                  {
                     "reference": "1",
                     "match": "StoreManager.WSDL.Address=http://localhost:9080/GSEJBWrapper/StoreManagerWrapperService/WEB-INF/wsdl/StoreManagerWrapperService.wsdl",
                     "lineNumber": 0
                  }
               ]
            },
            {
               "fileName": "GarageSale.ear/GSEJBWrapper.war",
               "details": [
                  {
                     "reference": "1",
                     "match": "address.location=http://localhost:9080/GSEJBWrapper/StoreManagerWrapperService",
                     "lineNumber": 0
                  }
               ]
            },
            {
               "fileName": "GarageSale.ear/GSjsf20Web.war",
               "details": [
                  {
                     "reference": "1",
                     "match": "address.location=http://localhost:9080/GSEJBWrapper/StoreManagerWrapperService",
                     "lineNumber": 0
                  }
               ]
            },
            {
               "fileName": "GarageSale.ear/GSjsf20Web.war/GarageSaleUtils.jar",
               "details": [
                  {
                     "reference": "1",
                     "match": "CCManager.WSDL.Address=http://localhost:9080/CCEJBWrapper/CCManagerWrapperService/WEB-INF/wsdl/CCManagerWrapperService.wsdl",
                     "lineNumber": 0
                  },
                  {
                     "reference": "1",
                     "match": "StoreManager.WSDL.Address=http://localhost:9080/GSEJBWrapper/StoreManagerWrapperService/WEB-INF/wsdl/StoreManagerWrapperService.wsdl",
                     "lineNumber": 0
                  }
               ]
            },
            {
               "fileName": "GarageSale.ear/GSjsf20Web.war/WEB-INF/lib/GarageSaleUtils.jar",
               "details": [
                  {
                     "reference": "1",
                     "match": "CCManager.WSDL.Address=http://localhost:9080/CCEJBWrapper/CCManagerWrapperService/WEB-INF/wsdl/CCManagerWrapperService.wsdl",
                     "lineNumber": 0
                  },
                  {
                     "reference": "1",
                     "match": "StoreManager.WSDL.Address=http://localhost:9080/GSEJBWrapper/StoreManagerWrapperService/WEB-INF/wsdl/StoreManagerWrapperService.wsdl",
                     "lineNumber": 0
                  }
               ]
            },
            {
               "fileName": "GarageSale.ear/GarageSaleUtils.jar",
               "details": [
                  {
                     "reference": "1",
                     "match": "CCManager.WSDL.Address=http://localhost:9080/CCEJBWrapper/CCManagerWrapperService/WEB-INF/wsdl/CCManagerWrapperService.wsdl",
                     "lineNumber": 0
                  },
                  {
                     "reference": "1",
                     "match": "StoreManager.WSDL.Address=http://localhost:9080/GSEJBWrapper/StoreManagerWrapperService/WEB-INF/wsdl/StoreManagerWrapperService.wsdl",
                     "lineNumber": 0
                  }
               ]
            },
            {
               "fileName": "GarageSale.ear/Shipping.war",
               "details": [
                  {
                     "reference": "2",
                     "match": "address.location=http://localhost:9080/Shipping/services/GSShipping",
                     "lineNumber": 0
                  }
               ]
            },
            {
               "fileName": "GarageSale.ear/ShippingAgent.jar",
               "details": [
                  {
                     "reference": "1",
                     "match": "address.location=http://localhost:9080/GSEJBWrapper/StoreManagerWrapperService",
                     "lineNumber": 0
                  },
                  {
                     "reference": "1",
                     "match": "address.location=http://localhost:9080/Shipping/services/GSShipping",
                     "lineNumber": 0
                  }
               ]
            },
            {
               "fileName": "GarageSale.ear/ShippingAgent.jar/GarageSaleUtils.jar",
               "details": [
                  {
                     "reference": "1",
                     "match": "CCManager.WSDL.Address=http://localhost:9080/CCEJBWrapper/CCManagerWrapperService/WEB-INF/wsdl/CCManagerWrapperService.wsdl",
                     "lineNumber": 0
                  },
                  {
                     "reference": "1",
                     "match": "StoreManager.WSDL.Address=http://localhost:9080/GSEJBWrapper/StoreManagerWrapperService/WEB-INF/wsdl/StoreManagerWrapperService.wsdl",
                     "lineNumber": 0
                  }
               ]
            },
            {
               "fileName": "GarageSale.ear/WSBankEJB.jar",
               "details": [
                  {
                     "reference": "1",
                     "match": "address.location=http://localhost:9080/WSBankEJB/services/BankManager",
                     "lineNumber": 0
                  }
               ]
            },
            {
               "fileName": "GarageSale.ear/WSBankEJB_HTTPRouter.war",
               "details": [
                  {
                     "reference": "2",
                     "match": "address.location=http://localhost:9080/WSBankEJB/services/BankManager",
                     "lineNumber": 0
                  }
               ]
            },
            {
               "fileName": "GarageSale.ear/WSNClient.jar",
               "details": [
                  {
                     "reference": "1",
                     "match": "address.location=http://nucleus:9080/GSLendpoint/soaphttpengine/loggerbus/GSLnotserviceNotificationBroker/gslnotificationservicepointNotificationBrokerPort",
                     "lineNumber": 0
                  }
               ]
            }
         ]
      }
   ]
}