<?xml version="1.0" encoding="UTF-8" standalone="no"?>
<!--Generated by IBM TransformationAdvisor 3.9.0
Fri Apr 12 13:08:01 UTC 2024--><server description="Feature list generated by binaryAppScanner">
    <featureManager>
        <!--Generated by IBM TransformationAdvisor 3.9.0 to support metric integration.-->
        <feature>mpMetrics-1.1</feature>
        <!--End features generated by Transformation Advisor-->
        <!--A valid feature list for this application was not generated because of conflicts between the required features.-->
        <!--The following features are available in Open Liberty.-->
        <feature>appSecurity-2.0</feature>
        <feature>cdi-1.2</feature>
        <feature>jaxb-2.2</feature>
        <feature>jaxrs-2.0</feature>
        <feature>jsonp-1.0</feature>
        <feature>mail-2.1</feature>
        <feature>mpHealth-1.0</feature>
        <feature>mpJwt-1.1</feature>
        <feature>mpMetrics-1.1</feature>
        <feature>servlet-3.1</feature>
    </featureManager>
    <application id="acmeair-customerservice-java-6.0.war" location="acmeair-customerservice-java-6.0.war" name="acmeair-customerservice-java-6.0.war" type="war"/>
    <applicationManager autoExpand="true"/>
</server>
