{
   "report": "analysis",
   "version": "1.4",
   "productVersion": "24.0.0.1",
   "productRelease": "24.0.0.1",
   "buildID": "v20240324_2333",
   "options": [
      "--sourceAppServer=was855",
      "--sourceJava=ibm6",
      "--sourceJavaEE=ee6",
      "--targetAppServer=liberty",
      "--targetJava=ibm8",
      "--targetCloud=containers",
      "--includeHelpLocation",
      "--excludePackages=ch.qos,com.cloudant,com.cognos,com.fasterxml,com.filenet,com.ibatis,com.ibm,com.informix,com.lowagie,com.mchange,com.meterware,com.microsoft,com.mongodb,com.mysql,com.sun,com.sybase,filenet,freemarker,groovy,jakarta,java,javax,net,oracle,org,sqlj,sun,twitter4j,_ibmjsp"
   ],
   "totalRulesFlagged": 8,
   "filesAffected": 20,
   "totalResults": 37,
   "severitySummary": [
      {
         "severity": "Critical",
         "severityId": "severe",
         "totalRulesFlagged": 1,
         "totalResults": 1,
         "totalRulesFlaggedWithAutomatedFix": 0,
         "totalResultsWithAutomatedFix": 0
      },
      {
         "severity": "Warning",
         "severityId": "warning",
         "totalRulesFlagged": 1,
         "totalResults": 2,
         "totalRulesFlaggedWithAutomatedFix": 0,
         "totalResultsWithAutomatedFix": 0
      },
      {
         "severity": "Information",
         "severityId": "info",
         "totalRulesFlagged": 6,
         "totalResults": 34,
         "totalRulesFlaggedWithAutomatedFix": 0,
         "totalResultsWithAutomatedFix": 0
      }
   ],
   "applications": [
      "/root/source/gas/mvn-tWAS-gasstationmodule/target/GasStationModule.war"
   ],
   "rules": [
      {
         "ruleName": "Behavior change on lookups for Enterprise JavaBeans in previous versions of Liberty",
         "ruleId": "EJBNamingLookupRule",
         "ruleHelpLocation": "/ruleinfo/appconversion/was2liberty/EJBNamingLookupRule.html",
         "devCost": "0",
         "instanceCost": "0",
         "severity": "Information",
         "severityId": "info",
         "recipe": null,
         "alternativeRecipes": [
         ],
         "category": "WebSphere traditional to Liberty",
         "categoryId": "appconversion.was2liberty.category",
         "totalResults": 1,
         "results": [
            {
               "fileName": "GasStationModule.war/WEB-INF/ibm-web-bnd.xml",
               "details": [
                  {
                     "reference": null,
                     "match": "ejb-ref.binding-name=ejb/com/ibm/svt/populateModule/grade/PriceSessionHome",
                     "lineNumber": 6
                  }
               ]
            }
         ]
      },
      {
         "ruleName": "Databases",
         "ruleId": "DatabasesRule",
         "ruleHelpLocation": "/ruleinfo/appmigration/cloud/Databases.html",
         "devCost": "0",
         "instanceCost": "0",
         "severity": "Information",
         "severityId": "info",
         "recipe": null,
         "alternativeRecipes": [
         ],
         "category": "Technology connectivity considerations for IBM Cloud",
         "categoryId": "appconversion.cloud.category.technology.connectivity",
         "totalResults": 8,
         "results": [
            {
               "fileName": "GasStationModule.war/WEB-INF/ejb-jar.xml",
               "details": [
                  {
                     "reference": null,
                     "match": "res-type=javax.sql.DataSource",
                     "lineNumber": 17
                  }
               ]
            },
            {
               "fileName": "GasStationModule.war/WEB-INF/lib/FailureLog_Entities.jar/META-INF/persistence.xml",
               "details": [
                  {
                     "reference": null,
                     "match": "jta-data-source=jdbc/StationSecureDS",
                     "lineNumber": 7
                  }
               ]
            },
            {
               "fileName": "GasStationModule.war/WEB-INF/lib/Sequence_Entities.jar/META-INF/persistence.xml",
               "details": [
                  {
                     "reference": null,
                     "match": "jta-data-source=jdbc/StationSeqDS",
                     "lineNumber": 8
                  }
               ]
            },
            {
               "fileName": "GasStationModule.war/WEB-INF/lib/StationBusinessEJBs.jar/META-INF/ejb-jar.xml",
               "details": [
                  {
                     "reference": null,
                     "match": "res-type=javax.sql.DataSource",
                     "lineNumber": 17
                  }
               ]
            },
            {
               "fileName": "GasStationModule.war/WEB-INF/lib/StationSecure_Entities.jar/META-INF/persistence.xml",
               "details": [
                  {
                     "reference": null,
                     "match": "jta-data-source=jdbc/StationSecureDS",
                     "lineNumber": 8
                  }
               ]
            },
            {
               "fileName": "GasStationModule.war/WEB-INF/lib/Station_Entities.jar/META-INF/persistence.xml",
               "details": [
                  {
                     "reference": null,
                     "match": "jta-data-source=jdbc/StationDS",
                     "lineNumber": 8
                  }
               ]
            },
            {
               "fileName": "GasStationModule.war/WEB-INF/lib/Store_ItemEntities.jar/META-INF/persistence.xml",
               "details": [
                  {
                     "reference": null,
                     "match": "jta-data-source=jdbc/StationDS",
                     "lineNumber": 8
                  }
               ]
            },
            {
               "fileName": "GasStationModule.war/WEB-INF/lib/Store_SaleEntities.jar/META-INF/persistence.xml",
               "details": [
                  {
                     "reference": null,
                     "match": "jta-data-source=jdbc/StationSecureDS",
                     "lineNumber": 5
                  }
               ]
            }
         ]
      },
      {
         "ruleName": "Handling application configuration in Docker containers",
         "ruleId": "DetectPropertiesFiles",
         "ruleHelpLocation": "/ruleinfo/appmigration/cloud/DetectPropertiesFiles.html",
         "devCost": "0",
         "instanceCost": "0",
         "severity": "Information",
         "severityId": "info",
         "recipe": null,
         "alternativeRecipes": [
         ],
         "category": "Containers (OpenShift, Kubernetes)",
         "categoryId": "appconversion.cloud.category.docker",
         "totalResults": 5,
         "results": [
            {
               "fileName": "GasStationModule.war/WEB-INF/lib/commons-el.jar/org/apache/commons/el/Resources.properties",
               "details": [
                  {
                     "reference": null,
                     "match": "(.*)?\\.properties",
                     "lineNumber": 0
                  }
               ]
            },
            {
               "fileName": "GasStationModule.war/WEB-INF/lib/icu4j-57_1.jar/com/ibm/icu/ICUConfig.properties",
               "details": [
                  {
                     "reference": null,
                     "match": "(.*)?\\.properties",
                     "lineNumber": 0
                  }
               ]
            },
            {
               "fileName": "GasStationModule.war/WEB-INF/lib/jsf-ibm.jar/runtimeibm.properties",
               "details": [
                  {
                     "reference": null,
                     "match": "(.*)?\\.properties",
                     "lineNumber": 0
                  }
               ]
            },
            {
               "fileName": "GasStationModule.war/WEB-INF/lib/odc-jsf.jar/com/ibm/odcb/odcb_messages.properties",
               "details": [
                  {
                     "reference": null,
                     "match": "(.*)?\\.properties",
                     "lineNumber": 0
                  }
               ]
            },
            {
               "fileName": "GasStationModule.war/WEB-INF/lib/tomahawk21-1.1.14.jar/org/apache/myfaces/renderkit/html/util/AddResource.properties",
               "details": [
                  {
                     "reference": null,
                     "match": "(.*)?\\.properties",
                     "lineNumber": 0
                  }
               ]
            }
         ]
      },
      {
         "ruleName": "Remote EJB lookups",
         "ruleId": "RemoteEJBLookupsRule",
         "ruleHelpLocation": "/ruleinfo/appmigration/cloud/RemoteEJBLookups.html",
         "devCost": "0",
         "instanceCost": "0",
         "severity": "Information",
         "severityId": "info",
         "recipe": null,
         "alternativeRecipes": [
         ],
         "category": "Technology connectivity considerations for IBM Cloud (not Liberty Core)",
         "categoryId": "appconversion.cloud.category.technology.connectivity.noLibertyCore",
         "totalResults": 1,
         "results": [
            {
               "fileName": "GasStationModule.war/WEB-INF/web.xml",
               "details": [
                  {
                     "reference": null,
                     "match": "home",
                     "lineNumber": 92
                  }
               ]
            }
         ]
      },
      {
         "ruleName": "Remote EJB providers",
         "ruleId": "RemoteEJBProvidersRule",
         "ruleHelpLocation": "/ruleinfo/appmigration/cloud/RemoteEJBProviders.html",
         "devCost": "0",
         "instanceCost": "0",
         "severity": "Information",
         "severityId": "info",
         "recipe": null,
         "alternativeRecipes": [
         ],
         "category": "Technology connectivity considerations for IBM Cloud (not Liberty Core)",
         "categoryId": "appconversion.cloud.category.technology.connectivity.noLibertyCore",
         "totalResults": 2,
         "results": [
            {
               "fileName": "GasStationModule.war/WEB-INF/ejb-jar.xml",
               "details": [
                  {
                     "reference": null,
                     "match": "home",
                     "lineNumber": 8
                  }
               ]
            },
            {
               "fileName": "GasStationModule.war/WEB-INF/lib/StationBusinessEJBs.jar/META-INF/ejb-jar.xml",
               "details": [
                  {
                     "reference": null,
                     "match": "home",
                     "lineNumber": 8
                  }
               ]
            }
         ]
      },
      {
         "ruleName": "The JSF SunRI engine was removed",
         "ruleId": "RemovedJSFSunRI",
         "ruleHelpLocation": "/ruleinfo/appconversion/was2was/80/BehaviorApplicationWithJSF.html",
         "devCost": "1",
         "instanceCost": "0.1",
         "severity": "Critical",
         "severityId": "severe",
         "recipe": null,
         "alternativeRecipes": [
         ],
         "category": "WebSphere version migration / V8.5 to V9.0 migration",
         "categoryId": "appconversion.was2was.category / appconversion.was2was.90.impacts.category",
         "totalResults": 1,
         "results": [
            {
               "fileName": "GasStationModule.war/WEB-INF/lib/jsf-ibm.jar/META-INF/faces-config.xml",
               "details": [
                  {
                     "reference": null,
                     "match": "faces-config",
                     "lineNumber": 44
                  }
               ]
            }
         ]
      },
      {
         "ruleName": "Transaction propagation is not supported for Enterprise JavaBeans (EJB) remote interfaces",
         "ruleId": "DetectTransactionPropagationEJBRemote",
         "ruleHelpLocation": "/help/java/DetectTransactionPropagationEJBRemote.html",
         "devCost": "1",
         "instanceCost": "0.1",
         "severity": "Warning",
         "severityId": "warning",
         "recipe": null,
         "alternativeRecipes": [
         ],
         "category": "Java Technology Support for Liberty",
         "categoryId": "com.ibm.rrd.liberty.rules.liberty.profile.technology.ruleset",
         "totalResults": 2,
         "results": [
            {
               "fileName": "GasStationModule.war/WEB-INF/ejb-jar.xml",
               "details": [
                  {
                     "reference": null,
                     "match": "remote",
                     "lineNumber": 9
                  }
               ]
            },
            {
               "fileName": "GasStationModule.war/WEB-INF/lib/StationBusinessEJBs.jar/META-INF/ejb-jar.xml",
               "details": [
                  {
                     "reference": null,
                     "match": "remote",
                     "lineNumber": 9
                  }
               ]
            }
         ]
      },
      {
         "ruleName": "User-defined EJB binding locations were previously ignored in Liberty",
         "ruleId": "DetectEJBJNDIbindingName",
         "ruleHelpLocation": "/ruleinfo/appconversion/was2liberty/DetectEJBJNDIbindingName.html",
         "devCost": "0",
         "instanceCost": "0",
         "severity": "Information",
         "severityId": "info",
         "recipe": null,
         "alternativeRecipes": [
         ],
         "category": "WebSphere traditional to Liberty",
         "categoryId": "appconversion.was2liberty.category",
         "totalResults": 17,
         "results": [
            {
               "fileName": "GasStationModule.war/WEB-INF/ibm-ejb-jar-bnd.xml",
               "details": [
                  {
                     "reference": null,
                     "match": "session.component-id=GasNet/Cart",
                     "lineNumber": 41
                  },
                  {
                     "reference": null,
                     "match": "session.component-id=GasNet/ConCheck",
                     "lineNumber": 66
                  },
                  {
                     "reference": null,
                     "match": "session.component-id=GasNet/Failure",
                     "lineNumber": 38
                  },
                  {
                     "reference": null,
                     "match": "session.component-id=GasNet/GasMaint",
                     "lineNumber": 17
                  },
                  {
                     "reference": null,
                     "match": "session.component-id=GasNet/PMV1",
                     "lineNumber": 57
                  },
                  {
                     "reference": null,
                     "match": "session.component-id=GasNet/PMV2",
                     "lineNumber": 58
                  },
                  {
                     "reference": null,
                     "match": "session.component-id=GasNet/PMV3",
                     "lineNumber": 59
                  },
                  {
                     "reference": null,
                     "match": "session.component-id=GasNet/PMVResources",
                     "lineNumber": 60
                  },
                  {
                     "reference": null,
                     "match": "session.component-id=GasNet/Seq",
                     "lineNumber": 55
                  },
                  {
                     "reference": null,
                     "match": "session.component-id=GasNet/Station",
                     "lineNumber": 11
                  },
                  {
                     "reference": null,
                     "match": "session.component-id=GasNet/StationStore",
                     "lineNumber": 40
                  },
                  {
                     "reference": null,
                     "match": "session.component-id=GasNet/StoreMaint",
                     "lineNumber": 42
                  },
                  {
                     "reference": null,
                     "match": "session.simple-binding-name=ejb/com/ibm/svt/populateModule/grade/PriceSessionHome",
                     "lineNumber": 5
                  }
               ]
            },
            {
               "fileName": "GasStationModule.war/WEB-INF/lib/FailureLog_Manager.jar/META-INF/ibm-ejb-jar-bnd.xml",
               "details": [
                  {
                     "reference": null,
                     "match": "session.component-id=GasNet/Failure",
                     "lineNumber": 8
                  }
               ]
            },
            {
               "fileName": "GasStationModule.war/WEB-INF/lib/StationBusinessEJBs.jar/META-INF/ibm-ejb-jar-bnd.xml",
               "details": [
                  {
                     "reference": null,
                     "match": "session.simple-binding-name=ejb/com/ibm/svt/populateModule/grade/PriceSessionHome",
                     "lineNumber": 5
                  }
               ]
            },
            {
               "fileName": "GasStationModule.war/WEB-INF/lib/Station_Manager.jar/META-INF/ibm-ejb-jar-bnd.xml",
               "details": [
                  {
                     "reference": null,
                     "match": "session.component-id=GasNet/GasMaint",
                     "lineNumber": 13
                  },
                  {
                     "reference": null,
                     "match": "session.component-id=GasNet/Station",
                     "lineNumber": 7
                  }
               ]
            }
         ]
      }
   ]
}