{
   "report": "analysis",
   "version": "1.4",
   "productVersion": "24.0.0.1",
   "productRelease": "24.0.0.1",
   "buildID": "v20240324_2333",
   "options": [
      "--sourceAppServer=was855",
      "--sourceJava=ibm6",
      "--sourceJavaEE=ee6",
      "--targetAppServer=openLiberty",
      "--targetJava=ibm8",
      "--targetJavaEE=ee7",
      "--targetCloud=containers",
      "--includeHelpLocation",
      "--excludePackages=ch.qos,com.cloudant,com.cognos,com.fasterxml,com.filenet,com.ibatis,com.ibm,com.informix,com.lowagie,com.mchange,com.meterware,com.microsoft,com.mongodb,com.mysql,com.sun,com.sybase,filenet,freemarker,groovy,jakarta,java,javax,net,oracle,org,sqlj,sun,twitter4j,_ibmjsp"
   ],
   "totalRulesFlagged": 13,
   "filesAffected": 47,
   "totalResults": 107,
   "severitySummary": [
      {
         "severity": "Critical",
         "severityId": "severe",
         "totalRulesFlagged": 3,
         "totalResults": 35,
         "totalRulesFlaggedWithAutomatedFix": 1,
         "totalResultsWithAutomatedFix": 9
      },
      {
         "severity": "Warning",
         "severityId": "warning",
         "totalRulesFlagged": 3,
         "totalResults": 17,
         "totalRulesFlaggedWithAutomatedFix": 1,
         "totalResultsWithAutomatedFix": 9
      },
      {
         "severity": "Information",
         "severityId": "info",
         "totalRulesFlagged": 7,
         "totalResults": 55,
         "totalRulesFlaggedWithAutomatedFix": 0,
         "totalResultsWithAutomatedFix": 0
      }
   ],
   "applications": [
      "/root/source/gas/mvn-tWAS-gasstationmodule/target/GasStationModule.war"
   ],
   "rules": [
      {
         "ruleName": "Behavior change on lookups for Enterprise JavaBeans in previous versions of Liberty",
         "ruleId": "EJBNamingLookupRule",
         "ruleHelpLocation": "/ruleinfo/appconversion/was2liberty/EJBNamingLookupRule.html",
         "devCost": "0",
         "instanceCost": "0",
         "severity": "Information",
         "severityId": "info",
         "recipe": null,
         "alternativeRecipes": [
         ],
         "category": "WebSphere traditional to Liberty",
         "categoryId": "appconversion.was2liberty.category",
         "totalResults": 1,
         "results": [
            {
               "fileName": "GasStationModule.war/WEB-INF/ibm-web-bnd.xml",
               "details": [
                  {
                     "reference": null,
                     "match": "ejb-ref.binding-name=ejb/com/ibm/svt/populateModule/grade/PriceSessionHome",
                     "lineNumber": 6
                  }
               ]
            }
         ]
      },
      {
         "ruleName": "CDI scans for implicit beans when there is no beans.xml file",
         "ruleId": "MissingBeansFile",
         "ruleHelpLocation": "/ruleinfo/appconversion/javaee7/cdi/MissingBeansXmlRule.html",
         "devCost": "0",
         "instanceCost": "0",
         "severity": "Information",
         "severityId": "info",
         "recipe": null,
         "alternativeRecipes": [
         ],
         "category": "Java EE 7 / CDI",
         "categoryId": "appconversion.javaee7.category / appconversion.javaee7.cdi.category",
         "totalResults": 21,
         "results": [
            {
               "fileName": "GasStationModule.war/WEB-INF/lib/FailureLog_Entities.jar",
               "details": [
                  {
                     "reference": null,
                     "match": ".*(\\.war|\\.jar)",
                     "lineNumber": 0
                  }
               ]
            },
            {
               "fileName": "GasStationModule.war/WEB-INF/lib/FailureLog_Manager.jar",
               "details": [
                  {
                     "reference": null,
                     "match": ".*(\\.war|\\.jar)",
                     "lineNumber": 0
                  }
               ]
            },
            {
               "fileName": "GasStationModule.war/WEB-INF/lib/Sequence_Entities.jar",
               "details": [
                  {
                     "reference": null,
                     "match": ".*(\\.war|\\.jar)",
                     "lineNumber": 0
                  }
               ]
            },
            {
               "fileName": "GasStationModule.war/WEB-INF/lib/StationBusinessEJBs.jar",
               "details": [
                  {
                     "reference": null,
                     "match": ".*(\\.war|\\.jar)",
                     "lineNumber": 0
                  }
               ]
            },
            {
               "fileName": "GasStationModule.war/WEB-INF/lib/StationSecure_Entities.jar",
               "details": [
                  {
                     "reference": null,
                     "match": ".*(\\.war|\\.jar)",
                     "lineNumber": 0
                  }
               ]
            },
            {
               "fileName": "GasStationModule.war/WEB-INF/lib/Station_Entities.jar",
               "details": [
                  {
                     "reference": null,
                     "match": ".*(\\.war|\\.jar)",
                     "lineNumber": 0
                  }
               ]
            },
            {
               "fileName": "GasStationModule.war/WEB-INF/lib/Station_Manager.jar",
               "details": [
                  {
                     "reference": null,
                     "match": ".*(\\.war|\\.jar)",
                     "lineNumber": 0
                  }
               ]
            },
            {
               "fileName": "GasStationModule.war/WEB-INF/lib/Store_ItemEntities.jar",
               "details": [
                  {
                     "reference": null,
                     "match": ".*(\\.war|\\.jar)",
                     "lineNumber": 0
                  }
               ]
            },
            {
               "fileName": "GasStationModule.war/WEB-INF/lib/Store_SaleEntities.jar",
               "details": [
                  {
                     "reference": null,
                     "match": ".*(\\.war|\\.jar)",
                     "lineNumber": 0
                  }
               ]
            },
            {
               "fileName": "GasStationModule.war/WEB-INF/lib/commons-codec-1.10.jar",
               "details": [
                  {
                     "reference": null,
                     "match": ".*(\\.war|\\.jar)",
                     "lineNumber": 0
                  }
               ]
            },
            {
               "fileName": "GasStationModule.war/WEB-INF/lib/commons-collections4-4.1.jar",
               "details": [
                  {
                     "reference": null,
                     "match": ".*(\\.war|\\.jar)",
                     "lineNumber": 0
                  }
               ]
            },
            {
               "fileName": "GasStationModule.war/WEB-INF/lib/commons-digester3-3.2.jar",
               "details": [
                  {
                     "reference": null,
                     "match": ".*(\\.war|\\.jar)",
                     "lineNumber": 0
                  }
               ]
            },
            {
               "fileName": "GasStationModule.war/WEB-INF/lib/commons-el.jar",
               "details": [
                  {
                     "reference": null,
                     "match": ".*(\\.war|\\.jar)",
                     "lineNumber": 0
                  }
               ]
            },
            {
               "fileName": "GasStationModule.war/WEB-INF/lib/commons-fileupload-1.3.1.jar",
               "details": [
                  {
                     "reference": null,
                     "match": ".*(\\.war|\\.jar)",
                     "lineNumber": 0
                  }
               ]
            },
            {
               "fileName": "GasStationModule.war/WEB-INF/lib/commons-lang3-3.4.jar",
               "details": [
                  {
                     "reference": null,
                     "match": ".*(\\.war|\\.jar)",
                     "lineNumber": 0
                  }
               ]
            },
            {
               "fileName": "GasStationModule.war/WEB-INF/lib/commons-logging-1.2.jar",
               "details": [
                  {
                     "reference": null,
                     "match": ".*(\\.war|\\.jar)",
                     "lineNumber": 0
                  }
               ]
            },
            {
               "fileName": "GasStationModule.war/WEB-INF/lib/commons-validator-1.5.0.jar",
               "details": [
                  {
                     "reference": null,
                     "match": ".*(\\.war|\\.jar)",
                     "lineNumber": 0
                  }
               ]
            },
            {
               "fileName": "GasStationModule.war/WEB-INF/lib/icu4j-57_1.jar",
               "details": [
                  {
                     "reference": null,
                     "match": ".*(\\.war|\\.jar)",
                     "lineNumber": 0
                  }
               ]
            },
            {
               "fileName": "GasStationModule.war/WEB-INF/lib/jsf-ibm.jar",
               "details": [
                  {
                     "reference": null,
                     "match": ".*(\\.war|\\.jar)",
                     "lineNumber": 0
                  }
               ]
            },
            {
               "fileName": "GasStationModule.war/WEB-INF/lib/odc-jsf.jar",
               "details": [
                  {
                     "reference": null,
                     "match": ".*(\\.war|\\.jar)",
                     "lineNumber": 0
                  }
               ]
            },
            {
               "fileName": "GasStationModule.war/WEB-INF/lib/tomahawk21-1.1.14.jar",
               "details": [
                  {
                     "reference": null,
                     "match": ".*(\\.war|\\.jar)",
                     "lineNumber": 0
                  }
               ]
            }
         ]
      },
      {
         "ruleName": "Databases",
         "ruleId": "DatabasesRule",
         "ruleHelpLocation": "/ruleinfo/appmigration/cloud/Databases.html",
         "devCost": "0",
         "instanceCost": "0",
         "severity": "Information",
         "severityId": "info",
         "recipe": null,
         "alternativeRecipes": [
         ],
         "category": "Technology connectivity considerations for IBM Cloud",
         "categoryId": "appconversion.cloud.category.technology.connectivity",
         "totalResults": 8,
         "results": [
            {
               "fileName": "GasStationModule.war/WEB-INF/ejb-jar.xml",
               "details": [
                  {
                     "reference": null,
                     "match": "res-type=javax.sql.DataSource",
                     "lineNumber": 17
                  }
               ]
            },
            {
               "fileName": "GasStationModule.war/WEB-INF/lib/FailureLog_Entities.jar/META-INF/persistence.xml",
               "details": [
                  {
                     "reference": null,
                     "match": "jta-data-source=jdbc/StationSecureDS",
                     "lineNumber": 7
                  }
               ]
            },
            {
               "fileName": "GasStationModule.war/WEB-INF/lib/Sequence_Entities.jar/META-INF/persistence.xml",
               "details": [
                  {
                     "reference": null,
                     "match": "jta-data-source=jdbc/StationSeqDS",
                     "lineNumber": 8
                  }
               ]
            },
            {
               "fileName": "GasStationModule.war/WEB-INF/lib/StationBusinessEJBs.jar/META-INF/ejb-jar.xml",
               "details": [
                  {
                     "reference": null,
                     "match": "res-type=javax.sql.DataSource",
                     "lineNumber": 17
                  }
               ]
            },
            {
               "fileName": "GasStationModule.war/WEB-INF/lib/StationSecure_Entities.jar/META-INF/persistence.xml",
               "details": [
                  {
                     "reference": null,
                     "match": "jta-data-source=jdbc/StationSecureDS",
                     "lineNumber": 8
                  }
               ]
            },
            {
               "fileName": "GasStationModule.war/WEB-INF/lib/Station_Entities.jar/META-INF/persistence.xml",
               "details": [
                  {
                     "reference": null,
                     "match": "jta-data-source=jdbc/StationDS",
                     "lineNumber": 8
                  }
               ]
            },
            {
               "fileName": "GasStationModule.war/WEB-INF/lib/Store_ItemEntities.jar/META-INF/persistence.xml",
               "details": [
                  {
                     "reference": null,
                     "match": "jta-data-source=jdbc/StationDS",
                     "lineNumber": 8
                  }
               ]
            },
            {
               "fileName": "GasStationModule.war/WEB-INF/lib/Store_SaleEntities.jar/META-INF/persistence.xml",
               "details": [
                  {
                     "reference": null,
                     "match": "jta-data-source=jdbc/StationSecureDS",
                     "lineNumber": 5
                  }
               ]
            }
         ]
      },
      {
         "ruleName": "Disable the persistence unit second-level cache",
         "ruleId": "JpaCacheProperties",
         "ruleHelpLocation": "/ruleinfo/appconversion/javaee7/jpa/JpaCacheBehavior.html",
         "devCost": "0.25",
         "instanceCost": "0.1",
         "severity": "Warning",
         "severityId": "warning",
         "recipe": "org.openrewrite.java.migrate.JpaCacheProperties",
         "alternativeRecipes": [
         ],
         "category": "Java EE 7 / OpenJPA to EclipseLink JPA",
         "categoryId": "appconversion.javaee7.category / appconversion.javaee7.jpa.category",
         "totalResults": 9,
         "results": [
            {
               "fileName": "GasStationModule.war/WEB-INF/lib/FailureLog_Entities.jar/META-INF/persistence.xml",
               "details": [
                  {
                     "reference": null,
                     "match": "persistence-unit",
                     "lineNumber": 3
                  }
               ]
            },
            {
               "fileName": "GasStationModule.war/WEB-INF/lib/Sequence_Entities.jar/META-INF/persistence.xml",
               "details": [
                  {
                     "reference": null,
                     "match": "persistence-unit",
                     "lineNumber": 6
                  }
               ]
            },
            {
               "fileName": "GasStationModule.war/WEB-INF/lib/StationSecure_Entities.jar/META-INF/persistence.xml",
               "details": [
                  {
                     "reference": null,
                     "match": "persistence-unit",
                     "lineNumber": 6
                  },
                  {
                     "reference": null,
                     "match": "persistence-unit",
                     "lineNumber": 41
                  }
               ]
            },
            {
               "fileName": "GasStationModule.war/WEB-INF/lib/Station_Entities.jar/META-INF/persistence.xml",
               "details": [
                  {
                     "reference": null,
                     "match": "persistence-unit",
                     "lineNumber": 6
                  },
                  {
                     "reference": null,
                     "match": "persistence-unit",
                     "lineNumber": 32
                  }
               ]
            },
            {
               "fileName": "GasStationModule.war/WEB-INF/lib/Store_ItemEntities.jar/META-INF/persistence.xml",
               "details": [
                  {
                     "reference": null,
                     "match": "persistence-unit",
                     "lineNumber": 6
                  },
                  {
                     "reference": null,
                     "match": "persistence-unit",
                     "lineNumber": 27
                  }
               ]
            },
            {
               "fileName": "GasStationModule.war/WEB-INF/lib/Store_SaleEntities.jar/META-INF/persistence.xml",
               "details": [
                  {
                     "reference": null,
                     "match": "persistence-unit",
                     "lineNumber": 3
                  }
               ]
            }
         ]
      },
      {
         "ruleName": "Do not use OpenJPA providers in the persistence.xml file",
         "ruleId": "OpenJPAPersistenceProvider",
         "ruleHelpLocation": "/ruleinfo/appconversion/javaee7/jpa/OpenJPAPersistenceProvider.html",
         "devCost": "0.25",
         "instanceCost": "0.1",
         "severity": "Critical",
         "severityId": "severe",
         "recipe": "org.openrewrite.java.migrate.javaee7.OpenJPAPersistenceProvider",
         "alternativeRecipes": [
         ],
         "category": "Java EE 7 / OpenJPA to EclipseLink JPA",
         "categoryId": "appconversion.javaee7.category / appconversion.javaee7.jpa.category",
         "totalResults": 9,
         "results": [
            {
               "fileName": "GasStationModule.war/WEB-INF/lib/FailureLog_Entities.jar/META-INF/persistence.xml",
               "details": [
                  {
                     "reference": null,
                     "match": "provider=\n\t\t\tcom.ibm.websphere.persistence.PersistenceProviderImpl\n\t\t",
                     "lineNumber": 4
                  }
               ]
            },
            {
               "fileName": "GasStationModule.war/WEB-INF/lib/Sequence_Entities.jar/META-INF/persistence.xml",
               "details": [
                  {
                     "reference": null,
                     "match": "provider=com.ibm.websphere.persistence.PersistenceProviderImpl",
                     "lineNumber": 7
                  }
               ]
            },
            {
               "fileName": "GasStationModule.war/WEB-INF/lib/StationSecure_Entities.jar/META-INF/persistence.xml",
               "details": [
                  {
                     "reference": null,
                     "match": "provider=com.ibm.websphere.persistence.PersistenceProviderImpl",
                     "lineNumber": 7
                  },
                  {
                     "reference": null,
                     "match": "provider=com.ibm.websphere.persistence.PersistenceProviderImpl",
                     "lineNumber": 42
                  }
               ]
            },
            {
               "fileName": "GasStationModule.war/WEB-INF/lib/Station_Entities.jar/META-INF/persistence.xml",
               "details": [
                  {
                     "reference": null,
                     "match": "provider=com.ibm.websphere.persistence.PersistenceProviderImpl",
                     "lineNumber": 7
                  },
                  {
                     "reference": null,
                     "match": "provider=com.ibm.websphere.persistence.PersistenceProviderImpl",
                     "lineNumber": 33
                  }
               ]
            },
            {
               "fileName": "GasStationModule.war/WEB-INF/lib/Store_ItemEntities.jar/META-INF/persistence.xml",
               "details": [
                  {
                     "reference": null,
                     "match": "provider=com.ibm.websphere.persistence.PersistenceProviderImpl",
                     "lineNumber": 7
                  },
                  {
                     "reference": null,
                     "match": "provider=com.ibm.websphere.persistence.PersistenceProviderImpl",
                     "lineNumber": 28
                  }
               ]
            },
            {
               "fileName": "GasStationModule.war/WEB-INF/lib/Store_SaleEntities.jar/META-INF/persistence.xml",
               "details": [
                  {
                     "reference": null,
                     "match": "provider=com.ibm.websphere.persistence.PersistenceProviderImpl",
                     "lineNumber": 4
                  }
               ]
            }
         ]
      },
      {
         "ruleName": "Handling application configuration in Docker containers",
         "ruleId": "DetectPropertiesFiles",
         "ruleHelpLocation": "/ruleinfo/appmigration/cloud/DetectPropertiesFiles.html",
         "devCost": "0",
         "instanceCost": "0",
         "severity": "Information",
         "severityId": "info",
         "recipe": null,
         "alternativeRecipes": [
         ],
         "category": "Containers (OpenShift, Kubernetes)",
         "categoryId": "appconversion.cloud.category.docker",
         "totalResults": 5,
         "results": [
            {
               "fileName": "GasStationModule.war/WEB-INF/lib/commons-el.jar/org/apache/commons/el/Resources.properties",
               "details": [
                  {
                     "reference": null,
                     "match": "(.*)?\\.properties",
                     "lineNumber": 0
                  }
               ]
            },
            {
               "fileName": "GasStationModule.war/WEB-INF/lib/icu4j-57_1.jar/com/ibm/icu/ICUConfig.properties",
               "details": [
                  {
                     "reference": null,
                     "match": "(.*)?\\.properties",
                     "lineNumber": 0
                  }
               ]
            },
            {
               "fileName": "GasStationModule.war/WEB-INF/lib/jsf-ibm.jar/runtimeibm.properties",
               "details": [
                  {
                     "reference": null,
                     "match": "(.*)?\\.properties",
                     "lineNumber": 0
                  }
               ]
            },
            {
               "fileName": "GasStationModule.war/WEB-INF/lib/odc-jsf.jar/com/ibm/odcb/odcb_messages.properties",
               "details": [
                  {
                     "reference": null,
                     "match": "(.*)?\\.properties",
                     "lineNumber": 0
                  }
               ]
            },
            {
               "fileName": "GasStationModule.war/WEB-INF/lib/tomahawk21-1.1.14.jar/org/apache/myfaces/renderkit/html/util/AddResource.properties",
               "details": [
                  {
                     "reference": null,
                     "match": "(.*)?\\.properties",
                     "lineNumber": 0
                  }
               ]
            }
         ]
      },
      {
         "ruleName": "Mapping files are not processed during OpenJPA to EclipseLink migration",
         "ruleId": "JpaOrmXml",
         "ruleHelpLocation": "/ruleinfo/appconversion/javaee7/jpa/OrmXml.html",
         "devCost": "1",
         "instanceCost": "0.1",
         "severity": "Warning",
         "severityId": "warning",
         "recipe": null,
         "alternativeRecipes": [
         ],
         "category": "Java EE 7 / OpenJPA to EclipseLink JPA",
         "categoryId": "appconversion.javaee7.category / appconversion.javaee7.jpa.category",
         "totalResults": 6,
         "results": [
            {
               "fileName": "GasStationModule.war/WEB-INF/lib/FailureLog_Entities.jar/META-INF/orm.xml",
               "details": [
                  {
                     "reference": null,
                     "match": "entity-mappings",
                     "lineNumber": 2
                  }
               ]
            },
            {
               "fileName": "GasStationModule.war/WEB-INF/lib/Sequence_Entities.jar/META-INF/orm.xml",
               "details": [
                  {
                     "reference": null,
                     "match": "entity-mappings",
                     "lineNumber": 2
                  }
               ]
            },
            {
               "fileName": "GasStationModule.war/WEB-INF/lib/StationSecure_Entities.jar/META-INF/orm.xml",
               "details": [
                  {
                     "reference": null,
                     "match": "entity-mappings",
                     "lineNumber": 2
                  }
               ]
            },
            {
               "fileName": "GasStationModule.war/WEB-INF/lib/Station_Entities.jar/META-INF/orm.xml",
               "details": [
                  {
                     "reference": null,
                     "match": "entity-mappings",
                     "lineNumber": 2
                  }
               ]
            },
            {
               "fileName": "GasStationModule.war/WEB-INF/lib/Store_ItemEntities.jar/META-INF/orm.xml",
               "details": [
                  {
                     "reference": null,
                     "match": "entity-mappings",
                     "lineNumber": 2
                  }
               ]
            },
            {
               "fileName": "GasStationModule.war/WEB-INF/lib/Store_SaleEntities.jar/META-INF/orm.xml",
               "details": [
                  {
                     "reference": null,
                     "match": "entity-mappings",
                     "lineNumber": 2
                  }
               ]
            }
         ]
      },
      {
         "ruleName": "OpenJPA and WebSphere JPA configuration properties must be migrated",
         "ruleId": "OpenJPAConfigurationProperties",
         "ruleHelpLocation": "/ruleinfo/appconversion/javaee7/jpa/OpenJpaConfigurationProperties.html",
         "devCost": "2",
         "instanceCost": "0.1",
         "severity": "Critical",
         "severityId": "severe",
         "recipe": null,
         "alternativeRecipes": [
         ],
         "category": "Java EE 7 / OpenJPA to EclipseLink JPA",
         "categoryId": "appconversion.javaee7.category / appconversion.javaee7.jpa.category",
         "totalResults": 25,
         "results": [
            {
               "fileName": "GasStationModule.war/WEB-INF/lib/Sequence_Entities.jar/META-INF/persistence.xml",
               "details": [
                  {
                     "reference": null,
                     "match": "property.name=openjpa.Optimistic",
                     "lineNumber": 12
                  },
                  {
                     "reference": null,
                     "match": "property.name=openjpa.jdbc.TransactionIsolation",
                     "lineNumber": 13
                  }
               ]
            },
            {
               "fileName": "GasStationModule.war/WEB-INF/lib/StationSecure_Entities.jar/META-INF/persistence.xml",
               "details": [
                  {
                     "reference": null,
                     "match": "property.name=openjpa.DataCache",
                     "lineNumber": 60
                  },
                  {
                     "reference": null,
                     "match": "property.name=openjpa.Optimistic",
                     "lineNumber": 34
                  },
                  {
                     "reference": null,
                     "match": "property.name=openjpa.Optimistic",
                     "lineNumber": 63
                  },
                  {
                     "reference": null,
                     "match": "property.name=openjpa.RemoteCommitProvider",
                     "lineNumber": 61
                  },
                  {
                     "reference": null,
                     "match": "property.name=openjpa.jdbc.SynchronizeMappings",
                     "lineNumber": 36
                  },
                  {
                     "reference": null,
                     "match": "property.name=openjpa.jdbc.SynchronizeMappings",
                     "lineNumber": 65
                  },
                  {
                     "reference": null,
                     "match": "property.name=openjpa.jdbc.TransactionIsolation",
                     "lineNumber": 35
                  },
                  {
                     "reference": null,
                     "match": "property.name=openjpa.jdbc.TransactionIsolation",
                     "lineNumber": 64
                  }
               ]
            },
            {
               "fileName": "GasStationModule.war/WEB-INF/lib/Station_Entities.jar/META-INF/persistence.xml",
               "details": [
                  {
                     "reference": null,
                     "match": "property.name=openjpa.DataCache",
                     "lineNumber": 51
                  },
                  {
                     "reference": null,
                     "match": "property.name=openjpa.Optimistic",
                     "lineNumber": 25
                  },
                  {
                     "reference": null,
                     "match": "property.name=openjpa.Optimistic",
                     "lineNumber": 54
                  },
                  {
                     "reference": null,
                     "match": "property.name=openjpa.RemoteCommitProvider",
                     "lineNumber": 52
                  },
                  {
                     "reference": null,
                     "match": "property.name=openjpa.jdbc.SynchronizeMappings",
                     "lineNumber": 27
                  },
                  {
                     "reference": null,
                     "match": "property.name=openjpa.jdbc.SynchronizeMappings",
                     "lineNumber": 56
                  },
                  {
                     "reference": null,
                     "match": "property.name=openjpa.jdbc.TransactionIsolation",
                     "lineNumber": 26
                  },
                  {
                     "reference": null,
                     "match": "property.name=openjpa.jdbc.TransactionIsolation",
                     "lineNumber": 55
                  }
               ]
            },
            {
               "fileName": "GasStationModule.war/WEB-INF/lib/Store_ItemEntities.jar/META-INF/persistence.xml",
               "details": [
                  {
                     "reference": null,
                     "match": "property.name=openjpa.DataCache",
                     "lineNumber": 38
                  },
                  {
                     "reference": null,
                     "match": "property.name=openjpa.Optimistic",
                     "lineNumber": 14
                  },
                  {
                     "reference": null,
                     "match": "property.name=openjpa.Optimistic",
                     "lineNumber": 35
                  },
                  {
                     "reference": null,
                     "match": "property.name=openjpa.QueryCache",
                     "lineNumber": 41
                  },
                  {
                     "reference": null,
                     "match": "property.name=openjpa.RemoteCommitProvider",
                     "lineNumber": 39
                  },
                  {
                     "reference": null,
                     "match": "property.name=openjpa.jdbc.TransactionIsolation",
                     "lineNumber": 15
                  },
                  {
                     "reference": null,
                     "match": "property.name=openjpa.jdbc.TransactionIsolation",
                     "lineNumber": 36
                  }
               ]
            }
         ]
      },
      {
         "ruleName": "Remote EJB lookups",
         "ruleId": "RemoteEJBLookupsRule",
         "ruleHelpLocation": "/ruleinfo/appmigration/cloud/RemoteEJBLookups.html",
         "devCost": "0",
         "instanceCost": "0",
         "severity": "Information",
         "severityId": "info",
         "recipe": null,
         "alternativeRecipes": [
         ],
         "category": "Technology connectivity considerations for IBM Cloud (not Liberty Core)",
         "categoryId": "appconversion.cloud.category.technology.connectivity.noLibertyCore",
         "totalResults": 1,
         "results": [
            {
               "fileName": "GasStationModule.war/WEB-INF/web.xml",
               "details": [
                  {
                     "reference": null,
                     "match": "home",
                     "lineNumber": 92
                  }
               ]
            }
         ]
      },
      {
         "ruleName": "Remote EJB providers",
         "ruleId": "RemoteEJBProvidersRule",
         "ruleHelpLocation": "/ruleinfo/appmigration/cloud/RemoteEJBProviders.html",
         "devCost": "0",
         "instanceCost": "0",
         "severity": "Information",
         "severityId": "info",
         "recipe": null,
         "alternativeRecipes": [
         ],
         "category": "Technology connectivity considerations for IBM Cloud (not Liberty Core)",
         "categoryId": "appconversion.cloud.category.technology.connectivity.noLibertyCore",
         "totalResults": 2,
         "results": [
            {
               "fileName": "GasStationModule.war/WEB-INF/ejb-jar.xml",
               "details": [
                  {
                     "reference": null,
                     "match": "home",
                     "lineNumber": 8
                  }
               ]
            },
            {
               "fileName": "GasStationModule.war/WEB-INF/lib/StationBusinessEJBs.jar/META-INF/ejb-jar.xml",
               "details": [
                  {
                     "reference": null,
                     "match": "home",
                     "lineNumber": 8
                  }
               ]
            }
         ]
      },
      {
         "ruleName": "The JSF SunRI engine was removed",
         "ruleId": "RemovedJSFSunRI",
         "ruleHelpLocation": "/ruleinfo/appconversion/was2was/80/BehaviorApplicationWithJSF.html",
         "devCost": "1",
         "instanceCost": "0.1",
         "severity": "Critical",
         "severityId": "severe",
         "recipe": null,
         "alternativeRecipes": [
         ],
         "category": "WebSphere version migration / V8.5 to V9.0 migration",
         "categoryId": "appconversion.was2was.category / appconversion.was2was.90.impacts.category",
         "totalResults": 1,
         "results": [
            {
               "fileName": "GasStationModule.war/WEB-INF/lib/jsf-ibm.jar/META-INF/faces-config.xml",
               "details": [
                  {
                     "reference": null,
                     "match": "faces-config",
                     "lineNumber": 44
                  }
               ]
            }
         ]
      },
      {
         "ruleName": "Transaction propagation is not supported for Enterprise JavaBeans (EJB) remote interfaces",
         "ruleId": "DetectTransactionPropagationEJBRemote",
         "ruleHelpLocation": "/help/java/DetectTransactionPropagationEJBRemote.html",
         "devCost": "1",
         "instanceCost": "0.1",
         "severity": "Warning",
         "severityId": "warning",
         "recipe": null,
         "alternativeRecipes": [
         ],
         "category": "Java Technology Support for Liberty",
         "categoryId": "com.ibm.rrd.liberty.rules.liberty.profile.technology.ruleset",
         "totalResults": 2,
         "results": [
            {
               "fileName": "GasStationModule.war/WEB-INF/ejb-jar.xml",
               "details": [
                  {
                     "reference": null,
                     "match": "remote",
                     "lineNumber": 9
                  }
               ]
            },
            {
               "fileName": "GasStationModule.war/WEB-INF/lib/StationBusinessEJBs.jar/META-INF/ejb-jar.xml",
               "details": [
                  {
                     "reference": null,
                     "match": "remote",
                     "lineNumber": 9
                  }
               ]
            }
         ]
      },
      {
         "ruleName": "User-defined EJB binding locations were previously ignored in Liberty",
         "ruleId": "DetectEJBJNDIbindingName",
         "ruleHelpLocation": "/ruleinfo/appconversion/was2liberty/DetectEJBJNDIbindingName.html",
         "devCost": "0",
         "instanceCost": "0",
         "severity": "Information",
         "severityId": "info",
         "recipe": null,
         "alternativeRecipes": [
         ],
         "category": "WebSphere traditional to Liberty",
         "categoryId": "appconversion.was2liberty.category",
         "totalResults": 17,
         "results": [
            {
               "fileName": "GasStationModule.war/WEB-INF/ibm-ejb-jar-bnd.xml",
               "details": [
                  {
                     "reference": null,
                     "match": "session.component-id=GasNet/Cart",
                     "lineNumber": 41
                  },
                  {
                     "reference": null,
                     "match": "session.component-id=GasNet/ConCheck",
                     "lineNumber": 66
                  },
                  {
                     "reference": null,
                     "match": "session.component-id=GasNet/Failure",
                     "lineNumber": 38
                  },
                  {
                     "reference": null,
                     "match": "session.component-id=GasNet/GasMaint",
                     "lineNumber": 17
                  },
                  {
                     "reference": null,
                     "match": "session.component-id=GasNet/PMV1",
                     "lineNumber": 57
                  },
                  {
                     "reference": null,
                     "match": "session.component-id=GasNet/PMV2",
                     "lineNumber": 58
                  },
                  {
                     "reference": null,
                     "match": "session.component-id=GasNet/PMV3",
                     "lineNumber": 59
                  },
                  {
                     "reference": null,
                     "match": "session.component-id=GasNet/PMVResources",
                     "lineNumber": 60
                  },
                  {
                     "reference": null,
                     "match": "session.component-id=GasNet/Seq",
                     "lineNumber": 55
                  },
                  {
                     "reference": null,
                     "match": "session.component-id=GasNet/Station",
                     "lineNumber": 11
                  },
                  {
                     "reference": null,
                     "match": "session.component-id=GasNet/StationStore",
                     "lineNumber": 40
                  },
                  {
                     "reference": null,
                     "match": "session.component-id=GasNet/StoreMaint",
                     "lineNumber": 42
                  },
                  {
                     "reference": null,
                     "match": "session.simple-binding-name=ejb/com/ibm/svt/populateModule/grade/PriceSessionHome",
                     "lineNumber": 5
                  }
               ]
            },
            {
               "fileName": "GasStationModule.war/WEB-INF/lib/FailureLog_Manager.jar/META-INF/ibm-ejb-jar-bnd.xml",
               "details": [
                  {
                     "reference": null,
                     "match": "session.component-id=GasNet/Failure",
                     "lineNumber": 8
                  }
               ]
            },
            {
               "fileName": "GasStationModule.war/WEB-INF/lib/StationBusinessEJBs.jar/META-INF/ibm-ejb-jar-bnd.xml",
               "details": [
                  {
                     "reference": null,
                     "match": "session.simple-binding-name=ejb/com/ibm/svt/populateModule/grade/PriceSessionHome",
                     "lineNumber": 5
                  }
               ]
            },
            {
               "fileName": "GasStationModule.war/WEB-INF/lib/Station_Manager.jar/META-INF/ibm-ejb-jar-bnd.xml",
               "details": [
                  {
                     "reference": null,
                     "match": "session.component-id=GasNet/GasMaint",
                     "lineNumber": 13
                  },
                  {
                     "reference": null,
                     "match": "session.component-id=GasNet/Station",
                     "lineNumber": 7
                  }
               ]
            }
         ]
      }
   ]
}