{
   "report": "analysis",
   "version": "1.4",
   "productVersion": "24.0.0.1",
   "productRelease": "24.0.0.1",
   "buildID": "v20240324_2333",
   "options": [
      "--sourceAppServer=was855",
      "--sourceJava=ibm6",
      "--sourceJavaEE=ee6",
      "--targetAppServer=was855",
      "--targetJava=ibm8",
      "--targetJavaEE=ee6",
      "--targetCloud=containers",
      "--includeHelpLocation",
      "--excludePackages=ch.qos,com.cloudant,com.cognos,com.fasterxml,com.filenet,com.ibatis,com.ibm,com.informix,com.lowagie,com.mchange,com.meterware,com.microsoft,com.mongodb,com.mysql,com.sun,com.sybase,filenet,freemarker,groovy,jakarta,java,javax,net,oracle,org,sqlj,sun,twitter4j,_ibmjsp"
   ],
   "totalRulesFlagged": 4,
   "filesAffected": 14,
   "totalResults": 16,
   "severitySummary": [
      {
         "severity": "Information",
         "severityId": "info",
         "totalRulesFlagged": 4,
         "totalResults": 16,
         "totalRulesFlaggedWithAutomatedFix": 0,
         "totalResultsWithAutomatedFix": 0
      }
   ],
   "applications": [
      "/root/source/gas/mvn-tWAS-gasstationmodule/target/GasStationModule.war"
   ],
   "rules": [
      {
         "ruleName": "Databases",
         "ruleId": "DatabasesRule",
         "ruleHelpLocation": "/ruleinfo/appmigration/cloud/Databases.html",
         "devCost": "0",
         "instanceCost": "0",
         "severity": "Information",
         "severityId": "info",
         "recipe": null,
         "alternativeRecipes": [
         ],
         "category": "Technology connectivity considerations for IBM Cloud",
         "categoryId": "appconversion.cloud.category.technology.connectivity",
         "totalResults": 8,
         "results": [
            {
               "fileName": "GasStationModule.war/WEB-INF/ejb-jar.xml",
               "details": [
                  {
                     "reference": null,
                     "match": "res-type=javax.sql.DataSource",
                     "lineNumber": 17
                  }
               ]
            },
            {
               "fileName": "GasStationModule.war/WEB-INF/lib/FailureLog_Entities.jar/META-INF/persistence.xml",
               "details": [
                  {
                     "reference": null,
                     "match": "jta-data-source=jdbc/StationSecureDS",
                     "lineNumber": 7
                  }
               ]
            },
            {
               "fileName": "GasStationModule.war/WEB-INF/lib/Sequence_Entities.jar/META-INF/persistence.xml",
               "details": [
                  {
                     "reference": null,
                     "match": "jta-data-source=jdbc/StationSeqDS",
                     "lineNumber": 8
                  }
               ]
            },
            {
               "fileName": "GasStationModule.war/WEB-INF/lib/StationBusinessEJBs.jar/META-INF/ejb-jar.xml",
               "details": [
                  {
                     "reference": null,
                     "match": "res-type=javax.sql.DataSource",
                     "lineNumber": 17
                  }
               ]
            },
            {
               "fileName": "GasStationModule.war/WEB-INF/lib/StationSecure_Entities.jar/META-INF/persistence.xml",
               "details": [
                  {
                     "reference": null,
                     "match": "jta-data-source=jdbc/StationSecureDS",
                     "lineNumber": 8
                  }
               ]
            },
            {
               "fileName": "GasStationModule.war/WEB-INF/lib/Station_Entities.jar/META-INF/persistence.xml",
               "details": [
                  {
                     "reference": null,
                     "match": "jta-data-source=jdbc/StationDS",
                     "lineNumber": 8
                  }
               ]
            },
            {
               "fileName": "GasStationModule.war/WEB-INF/lib/Store_ItemEntities.jar/META-INF/persistence.xml",
               "details": [
                  {
                     "reference": null,
                     "match": "jta-data-source=jdbc/StationDS",
                     "lineNumber": 8
                  }
               ]
            },
            {
               "fileName": "GasStationModule.war/WEB-INF/lib/Store_SaleEntities.jar/META-INF/persistence.xml",
               "details": [
                  {
                     "reference": null,
                     "match": "jta-data-source=jdbc/StationSecureDS",
                     "lineNumber": 5
                  }
               ]
            }
         ]
      },
      {
         "ruleName": "Handling application configuration in Docker containers",
         "ruleId": "DetectPropertiesFiles",
         "ruleHelpLocation": "/ruleinfo/appmigration/cloud/DetectPropertiesFiles.html",
         "devCost": "0",
         "instanceCost": "0",
         "severity": "Information",
         "severityId": "info",
         "recipe": null,
         "alternativeRecipes": [
         ],
         "category": "Containers (OpenShift, Kubernetes)",
         "categoryId": "appconversion.cloud.category.docker",
         "totalResults": 5,
         "results": [
            {
               "fileName": "GasStationModule.war/WEB-INF/lib/commons-el.jar/org/apache/commons/el/Resources.properties",
               "details": [
                  {
                     "reference": null,
                     "match": "(.*)?\\.properties",
                     "lineNumber": 0
                  }
               ]
            },
            {
               "fileName": "GasStationModule.war/WEB-INF/lib/icu4j-57_1.jar/com/ibm/icu/ICUConfig.properties",
               "details": [
                  {
                     "reference": null,
                     "match": "(.*)?\\.properties",
                     "lineNumber": 0
                  }
               ]
            },
            {
               "fileName": "GasStationModule.war/WEB-INF/lib/jsf-ibm.jar/runtimeibm.properties",
               "details": [
                  {
                     "reference": null,
                     "match": "(.*)?\\.properties",
                     "lineNumber": 0
                  }
               ]
            },
            {
               "fileName": "GasStationModule.war/WEB-INF/lib/odc-jsf.jar/com/ibm/odcb/odcb_messages.properties",
               "details": [
                  {
                     "reference": null,
                     "match": "(.*)?\\.properties",
                     "lineNumber": 0
                  }
               ]
            },
            {
               "fileName": "GasStationModule.war/WEB-INF/lib/tomahawk21-1.1.14.jar/org/apache/myfaces/renderkit/html/util/AddResource.properties",
               "details": [
                  {
                     "reference": null,
                     "match": "(.*)?\\.properties",
                     "lineNumber": 0
                  }
               ]
            }
         ]
      },
      {
         "ruleName": "Remote EJB lookups",
         "ruleId": "RemoteEJBLookupsRule",
         "ruleHelpLocation": "/ruleinfo/appmigration/cloud/RemoteEJBLookups.html",
         "devCost": "0",
         "instanceCost": "0",
         "severity": "Information",
         "severityId": "info",
         "recipe": null,
         "alternativeRecipes": [
         ],
         "category": "Technology connectivity considerations for IBM Cloud (not Liberty Core)",
         "categoryId": "appconversion.cloud.category.technology.connectivity.noLibertyCore",
         "totalResults": 1,
         "results": [
            {
               "fileName": "GasStationModule.war/WEB-INF/web.xml",
               "details": [
                  {
                     "reference": null,
                     "match": "home",
                     "lineNumber": 92
                  }
               ]
            }
         ]
      },
      {
         "ruleName": "Remote EJB providers",
         "ruleId": "RemoteEJBProvidersRule",
         "ruleHelpLocation": "/ruleinfo/appmigration/cloud/RemoteEJBProviders.html",
         "devCost": "0",
         "instanceCost": "0",
         "severity": "Information",
         "severityId": "info",
         "recipe": null,
         "alternativeRecipes": [
         ],
         "category": "Technology connectivity considerations for IBM Cloud (not Liberty Core)",
         "categoryId": "appconversion.cloud.category.technology.connectivity.noLibertyCore",
         "totalResults": 2,
         "results": [
            {
               "fileName": "GasStationModule.war/WEB-INF/ejb-jar.xml",
               "details": [
                  {
                     "reference": null,
                     "match": "home",
                     "lineNumber": 8
                  }
               ]
            },
            {
               "fileName": "GasStationModule.war/WEB-INF/lib/StationBusinessEJBs.jar/META-INF/ejb-jar.xml",
               "details": [
                  {
                     "reference": null,
                     "match": "home",
                     "lineNumber": 8
                  }
               ]
            }
         ]
      }
   ]
}