{"middlewareId":"IBM WebSphere Application Server__9.0.5.10","collectionUnitName":"AppSrv01","collectionIds":["4b28bdc4-0cf2-43cb-8e7c-c39e19d1e121"],"groups":[],"commonCode":["9e4d2f59-6bbf-447f-99b5-f74164e3e744_e3b0c44298fc1c149afbf4c8996fb92427ae41e4649b934ca495991b7852b855_SampleMDBEJBClient.jar","9e4d2f59-6bbf-447f-99b5-f74164e3e744_0957780a8fa4d31e59f731d8c80cd4fa141fbfbf8f01713227038b6d1a84f769_SampleMDBEJB.jar"],"usedBy":[],"uses":["9.46.78.247_9e4d2f59-6bbf-447f-99b5-f74164e3e744_messaging_mq_installation_QM_MDB"],"assessmentUnitId":"ghettoes1.fyre.ibm.com_9e4d2f59-6bbf-447f-99b5-f74164e3e744_javaAppServer_was_profile_AppSrv01_SampleMDBEJBEAR.ear","assessmentUnitName":"SampleMDBEJBEAR.ear","targets":[{"uniqueCodeCost":0.0,"commonCodeCost":0.0,"totalCost":0.0,"issues":[{"ruleId":"MDBRule","ruleName":"Message-Driven Beans (MDB)","cost":0.0,"uniqueCodeCost":0.0,"commonCodeCost":0.0,"isCostCapped":false,"occurrences":[{"artifact":"0957780a8fa4d31e59f731d8c80cd4fa141fbfbf8f01713227038b6d1a84f769_SampleMDBEJB.jar","artifactDisplayName":"SampleMDBEJB.jar","commonCode":true,"occurrences":[{"fileName":"ejbs/SampleMDBBean.class","match":"javax.ejb.MessageDrivenBean","reference":"Class implements","lineNumber":0}],"numOccurrences":1}],"actionTaken":"ta.actionTaken.migrating.cloud.maintain.resource","additionalInformation":"","severity":"suggested","type":"CLOUD_CONSIDERATION","isValid":true,"complexityRule":"NO_CODE_CHANGE_OR_MANAGEABLE_DEPENDENCIES","solutionText":[],"automatedFix":"none","helpBody":"\u003ch3\u003eMessage-Driven Beans (MDB)\u003c/h3\u003e\n\u003cp\u003e\nFor applications using Message-Driven Beans (MDB) that are connected to an on-premises\nmessaging service provider, consider the connection needed to access your messaging provider. \n\u003c/p\u003e\n\u003cp\u003eThe following Java annotations and method calls indicate use of Message-Driven Beans (MDB):\u003c/p\u003e\n\u003cul\u003e\n\u003cli\u003e\u003ccode\u003ejavax.ejb.MessageDriven\u003c/code\u003e\u003c/li\u003e\n\u003cli\u003e\u003ccode\u003ejavax.ejb.MessageDrivenBean\u003c/code\u003e\u003c/li\u003e\n\u003cli\u003e\u003ccode\u003ejavax.ejb.MessageDrivenContext\u003c/code\u003e\u003c/li\u003e\n\u003cli\u003e\u003ccode\u003ejavax.ejb.ActivationConfigProperty\u003c/code\u003e\u003c/li\u003e\n\u003c/ul\u003e\n\u003cp\u003eThe following deployment descriptor element also indicates use of Message-Driven Beans (MDB):\u003c/p\u003e\n\u003cul\u003e\n\u003cli\u003e\u003ccode\u003e\u0026lt;message-driven\u0026gt;\u003c/code\u003e element in the \u003ccode\u003eejb-jar.xml\u003c/code\u003e file.\u003c/li\u003e\n\u003c/ul\u003e\n\u003cp\u003eThis rule is flagged once per Eclipse project or Java archive.\u003c/p\u003e\n\u003ch4\u003eHow to Resolve\u003c/h4\u003e\n\t\t\u003cp\u003eIf your application is able to directly access the messaging provider, no further action is required.\n\t\t\u003c/p\u003e\n\t\t\u003cp\u003eOtherwise, you can use a VPN tunnel, such as the IBM Secure Gateway for IBM Cloud, \n\t\t\tto create a secure connection to your existing on-premises messaging provider. \n\t\t\tFor more information about configuring a secure connection, see \n\t\t\t\u003ca href\u003d\"SecureConnection.html\"\u003eConfiguring a VPN\u003c/a\u003e. After configuring your gateway, connect your application to the\n\t\t\tnew destination by using the cloud host and port number that is\n\t\t\tprovided when you created the destination.\n\t\t\tThe following URLs are examples of messaging provider URLs:\n\t\t\u003c/p\u003e\n\t\t\t\u003cul\u003e\n\t\t\t\u003cli\u003e\u003cspan class\u003d\"Code\"\u003e\u0026lt;cloud host\u0026gt;:\u0026lt;cloud port\u0026gt;/SYSTEM.DEF.SVRCONN\u003c/span\u003e (MQ)\u003c/li\u003e\n\t\t\t\u003cli\u003e\u003cspan class\u003d\"Code\"\u003e\u0026lt;cloud host\u0026gt;:\u0026lt;cloud port\u0026gt;:BootstrapBasicMessaging\u003c/span\u003e (WAS built-in JMS provider)\u003c/li\u003e\n\t\t\t\u003cli\u003e\u003cspan class\u003d\"Code\"\u003etcp://\u0026lt;cloud host\u0026gt;:\u0026lt;cloud port\u0026gt;\u003c/span\u003e (ActiveMQ)\u003c/li\u003e\n\t\t\t\u003c/ul\u003e\n\t\t\u003cp\u003e\n\t\t\tAlternatively, you can use IBM Event Streams as a\n\t\t\tcloud-based messaging service. For more information, see \u003ca\n\t\t\t\thref\u003d\"https://cloud.ibm.com/catalog/services/event-streams\"\n\t\t\t\ttitle\u003d\"Opens a new window\" onclick\u003d\"javascript:helpWindow(\u0027https://cloud.ibm.com/catalog/services/event-streams\u0027);return false\"\u003e\n\t\t\t\tEvent Streams\u003c/a\u003e.\n\t\t\u003c/p\u003e\n\t","occurrenceFields":{"reference":"Reference","fileName":"File Name","match":"Match","lineNumber":"Line Number","artifactDisplayName":"Artifact"}},{"ruleId":"DetectPropertiesFiles","ruleName":"Handling application configuration in Docker containers","cost":0.0,"uniqueCodeCost":0.0,"commonCodeCost":0.0,"isCostCapped":false,"occurrences":[{"artifact":"0957780a8fa4d31e59f731d8c80cd4fa141fbfbf8f01713227038b6d1a84f769_SampleMDBEJB.jar","artifactDisplayName":"SampleMDBEJB.jar","commonCode":true,"occurrences":[{"fileName":"META-INF/ibm_ejbext.properties","match":"(.*)?\\.properties","reference":"","lineNumber":0}],"numOccurrences":1}],"actionTaken":"","additionalInformation":"","severity":"suggested","type":"ADDITIONAL_INFORMATION","isValid":true,"complexityRule":"NO_CODE_CHANGE_OR_MANAGEABLE_DEPENDENCIES","solutionText":[],"automatedFix":"none","helpBody":"\u003ch3\u003eHandling application configuration in Docker containers\u003c/h3\u003e\n\u003cp\u003eThis rule detects properties files packaged within an\n\t\t\tapplication and references to the \u003ccode\u003eload\u003c/code\u003e and \u003ccode\u003eloadFromXML\u003c/code\u003e \n\t\t\tmethods on \u003ccode\u003ejava.util.Properties\u003c/code\u003e. It is best practice to \n\t\t\texternalize configuration so that it can be injected into the container.\u003c/p\u003e\n\t\t\u003cp\u003e\n\t\t\tFor more information, see \u003ca\n\t\t\t\thref\u003d\"https://www.ibm.com/support/knowledgecenter/SSAW57_liberty/com.ibm.websphere.wlp.nd.multiplatform.doc/ae/twlp_setup_vars.html\"\n\t\t\t\ttitle\u003d\"Opens a new window\" onclick\u003d\"javascript:helpWindow(\u0027https://www.ibm.com/support/knowledgecenter/SSAW57_liberty/com.ibm.websphere.wlp.nd.multiplatform.doc/ae/twlp_setup_vars.html\u0027);return false\"\u003e\n\t\t\t\tUsing variables in configuration files\u003c/a\u003e and \u003ca\n\t\t\t\thref\u003d\"https://12factor.net/config\"\n\t\t\t\ttitle\u003d\"Opens a new window\" onclick\u003d\"javascript:helpWindow(\u0027https://12factor.net/config\u0027);return false\"\u003e\n\t\t\t\tStore config in the environment\u003c/a\u003e.\n\t\t\u003c/p\u003e\n\t","occurrenceFields":{"reference":"Reference","fileName":"File Name","match":"Match","lineNumber":"Line Number","artifactDisplayName":"Artifact"}}],"summary":{"complexity":{"simple":{"ADDITIONAL_INFORMATION":1,"CLOUD_CONSIDERATION":1},"score":"simple"},"issues":{"suggested":2},"isCostCapped":false,"effort":{"total":0.0,"ADDITIONAL_INFORMATION":0.0,"CLOUD_CONSIDERATION":0.0},"requiredCodeChanges":"none"},"technologyType":"Base","automatedFixConfig":{},"targetId":"openLiberty"}]}