<?xml version="1.0" encoding="UTF-8" standalone="no"?>
<!--Generated by IBM TransformationAdvisor 3.10.0
Tue Apr 23 14:52:11 UTC 2024--><server>
    <featureManager>
        <!--Generated by IBM TransformationAdvisor 3.10.0 to support metric integration.-->
        <feature>mpMetrics-1.1</feature>
        <!--End features generated by Transformation Advisor-->
        <feature>jsp-2.3</feature>
        <feature>servlet-3.1</feature>
    </featureManager>
    <httpEndpoint host="*" httpPort="9080" httpsPort="9443" id="defaultHttpEndpoint"/>
    <!-- <variable name="DERBY_JDBC_DRIVER_PATH" value="${WAS_INSTALL_ROOT}/derby/lib"/> -->
    <variable name="DERBY_JDBC_DRIVER_PATH" value="${shared.config.dir}/lib/global"/>
    <application id="ModResorts_war.ear" location="ModResorts_war.ear" name="ModResorts_war.ear" type="ear"/>
    <applicationManager autoExpand="true"/>
</server>
