{
   "report": "inventory",
   "version": "4.0",
   "productVersion": "24.0.0.1",
   "productRelease": "24.0.0.1",
   "buildID": "v20240324_2333",
   "options": [
      "--includeHelpLocation",
      "--excludePackages=ch.qos,com.cloudant,com.cognos,com.fasterxml,com.filenet,com.ibatis,com.ibm,com.informix,com.lowagie,com.mchange,com.meterware,com.microsoft,com.mongodb,com.mysql,com.sun,com.sybase,filenet,freemarker,groovy,jakarta,java,javax,net,oracle,org,sqlj,sun,twitter4j,_ibmjsp"
   ],
   "applications": [
      "/root/source/acme/Acmeair-Customer-Service/target/acmeair-customerservice-java-6.0.war"
   ],
   "sharedLibraries": [
   ],
   "archives": {
      "ears": 0,
      "wars": 1,
      "rars": 0,
      "ejbs": 0,
      "webFragments": 0,
      "utilityJars": 3,
      "appClients": 0
   },
   "summary": {
      "servlets": 0,
      "jsps": 0,
      "jpaEntities": 0,
      "bmpEntityBeans": 0,
      "cmpEntityBeans": 0,
      "messageDrivenBeans": 0,
      "singletonSessionBeans": 0,
      "statefulSessionBeans": 0,
      "statelessSessionBeans": 0,
      "jaxrpcConsumers": 0,
      "jaxrpcProviders": 0,
      "jaxrsConsumers": 0,
      "jaxrsProviders": 0,
      "jaxwsConsumers": 0,
      "jaxwsProviders": 0,
      "springBeans": 0
   },
   "archiveInventory": [
      {
         "archiveName": "/root/source/acme/Acmeair-Customer-Service/target/acmeair-customerservice-java-6.0.war",
         "moduleType": "Web module",
         "moduleVersion": "3.0",
         "metadataComplete": "Unspecified",
         "moduleSize": 2601469,
         "checksum": "0a0a66eb24acb4116f4c3550e75eb00930ca9d7931981530ac99d7471dca94c2",
         "archives": {
            "ejbs": 0,
            "webFragments": 0,
            "utilityJars": 3
         },
         "summary": {
            "servlets": 0,
            "jsps": 0,
            "jpaEntities": 0,
            "bmpEntityBeans": 0,
            "cmpEntityBeans": 0,
            "messageDrivenBeans": 0,
            "singletonSessionBeans": 0,
            "statefulSessionBeans": 0,
            "statelessSessionBeans": 0,
            "jaxrpcConsumers": 0,
            "jaxrpcProviders": 0,
            "jaxrsConsumers": 0,
            "jaxrsProviders": 0,
            "jaxwsConsumers": 0,
            "jaxwsProviders": 0,
            "springBeans": 0
         },
         "potentialDeploymentProblemsSummary": {
            "archivesContainingDuplicateClasses": 2,
            "archivesContainingJavaEEorSEClasses": 0,
            "archivesContainingConflictingOpenSourceSoftwareClasses": 0,
            "archivesContainingWebSphereClasses": 0,
            "archivesNotReferencedInTheApplication": 1,
            "archivesWithMissingDependenciesInTheApplication": 4,
            "classesWithSystemLevelJVMConfiguration": 0,
            "sharedLibrariesReferencingApplicationClasses": 0
         },
         "potentialDeploymentProblemsDetails": [
            {
               "duplicateClassesWithinClassLoader": [
                  {
                     "conflictingPackages": [
                        "org.bson",
                        "org.bson.assertions",
                        "org.bson.codecs",
                        "org.bson.codecs.configuration",
                        "org.bson.codecs.jsr310",
                        "org.bson.codecs.pojo",
                        "org.bson.codecs.pojo.annotations",
                        "org.bson.conversions",
                        "org.bson.diagnostics",
                        "org.bson.internal",
                        "org.bson.io",
                        "org.bson.json",
                        "org.bson.types",
                        "org.bson.util"
                     ],
                     "packageLocation": [
                        "bson-3.12.13.jar",
                        "mongo-java-driver-3.12.13.jar"
                     ]
                  }
               ]
            },
            {
               "duplicateClassesAcrossApplication": [
               ]
            },
            {
               "javaEEandSEClasses": [
               ]
            },
            {
               "duplicateWebSphereClasses": [
               ]
            },
            {
               "openSourceSoftwareClasses": [
               ]
            },
            {
               "archivesNotReferenced": [
                  {
                     "archive": "microprofile-fault-tolerance-api-4.0.2.jar",
                     "referencedBy": "",
                     "checksum": "d507af6cd4401975dbb97599299ee2ab3e4e17c949a3afbdbd128d6abc16edbe"
                  }
               ]
            },
            {
               "missingDependencies": [
                  {
                     "missingDependencies": [
                        "com.github.luben.zstd",
                        "com.mongodb.crypt.capi",
                        "io.netty.bootstrap",
                        "io.netty.buffer",
                        "io.netty.channel",
                        "io.netty.channel.nio",
                        "io.netty.channel.socket",
                        "io.netty.channel.socket.nio",
                        "io.netty.handler.ssl",
                        "io.netty.handler.timeout",
                        "io.netty.util.concurrent",
                        "jnr.unixsocket",
                        "org.ietf.jgss",
                        "org.xerial.snappy"
                     ],
                     "archive": [
                        "mongo-java-driver-3.12.13.jar"
                     ]
                  },
                  {
                     "missingDependencies": [
                        "jakarta.annotation",
                        "jakarta.annotation.security",
                        "jakarta.enterprise.context",
                        "jakarta.enterprise.inject",
                        "jakarta.inject",
                        "jakarta.json",
                        "jakarta.ws.rs",
                        "jakarta.ws.rs.client",
                        "jakarta.ws.rs.core",
                        "jakarta.xml.bind.annotation",
                        "org.eclipse.microprofile.auth",
                        "org.eclipse.microprofile.config.inject",
                        "org.eclipse.microprofile.health",
                        "org.eclipse.microprofile.jwt",
                        "org.eclipse.microprofile.metrics.annotation"
                     ],
                     "archive": [
                        "acmeair-customerservice-java-6.0.war"
                     ]
                  },
                  {
                     "missingDependencies": [
                        "jakarta.enterprise.util",
                        "jakarta.interceptor",
                        "org.osgi.annotation.versioning"
                     ],
                     "archive": [
                        "microprofile-fault-tolerance-api-4.0.2.jar"
                     ]
                  },
                  {
                     "missingDependencies": [
                        "org.slf4j"
                     ],
                     "archive": [
                        "bson-3.12.13.jar",
                        "mongo-java-driver-3.12.13.jar"
                     ]
                  }
               ]
            },
            {
               "classesWithSystemLevelJVMConfiguration": [
               ]
            },
            {
               "sharedLibraryDependencies": [
               ]
            }
         ],
         "performanceConsiderations": {
            "archivesThatAreCandidatesForMetadataCompleteTrueAttribute": [
            ],
            "webModulesWithExcessiveClassFiles": [
               {
                  "archiveName": "acmeair-customerservice-java-6.0.war",
                  "numberOfFiles": 18
               }
            ],
            "webModulesWithExcessiveStaticResources": [
            ]
         },
         "containedArchiveInventory": [
            {
               "archiveName": "/root/source/acme/Acmeair-Customer-Service/target/acmeair-customerservice-java-6.0.war/WEB-INF/lib/bson-3.12.13.jar",
               "moduleType": "Utility JAR",
               "checksum": "6d046c0cf695cc03e851465185cd8d94756844bb88ef897f55f7c4c67d89b2a2",
               "containedPackages": [
                  "org.bson",
                  "org.bson.assertions",
                  "org.bson.codecs",
                  "org.bson.conversions",
                  "org.bson.diagnostics",
                  "org.bson.internal",
                  "org.bson.io",
                  "org.bson.json",
                  "org.bson.types",
                  "org.bson.util"
               ]
            },
            {
               "archiveName": "/root/source/acme/Acmeair-Customer-Service/target/acmeair-customerservice-java-6.0.war/WEB-INF/lib/microprofile-fault-tolerance-api-4.0.2.jar",
               "moduleType": "Utility JAR",
               "checksum": "d507af6cd4401975dbb97599299ee2ab3e4e17c949a3afbdbd128d6abc16edbe",
               "containedPackages": [
                  "org.eclipse.microprofile"
               ]
            },
            {
               "archiveName": "/root/source/acme/Acmeair-Customer-Service/target/acmeair-customerservice-java-6.0.war/WEB-INF/lib/mongo-java-driver-3.12.13.jar",
               "moduleType": "Utility JAR",
               "checksum": "7c693efe687808b4e21e5360b84b97204453a56fb813f9fe3549b0417b8a1e19",
               "containedPackages": [
                  "com.mongodb",
                  "com.mongodb.annotations",
                  "com.mongodb.assertions",
                  "com.mongodb.async",
                  "com.mongodb.binding",
                  "com.mongodb.bulk",
                  "com.mongodb.client",
                  "com.mongodb.connection",
                  "com.mongodb.diagnostics",
                  "com.mongodb.event",
                  "com.mongodb.gridfs",
                  "com.mongodb.internal",
                  "com.mongodb.lang",
                  "com.mongodb.management",
                  "com.mongodb.operation",
                  "com.mongodb.selector",
                  "com.mongodb.session",
                  "com.mongodb.util",
                  "org.bson",
                  "org.bson.assertions",
                  "org.bson.codecs",
                  "org.bson.conversions",
                  "org.bson.diagnostics",
                  "org.bson.internal",
                  "org.bson.io",
                  "org.bson.json",
                  "org.bson.types",
                  "org.bson.util"
               ]
            }
         ]
      }
   ],
   "sharedLibraryDetails": [
   ]
}