{"middlewareId":"IBM WebSphere Application Server__8.5.5","collectionUnitName":"acmeair-customerservice-java-6.0","collectionIds":["38784eb7-ecd0-4533-ba1d-025a4a19d563"],"groups":[],"commonCode":[],"usedBy":[],"uses":[],"assessmentUnitId":"artefact1.fyre.ibm.com_e0aa936b-e5f3-413f-918a-9f1b622ea347_javaAppServer_was_profile_acmeair-customerservice-java-6.0_acmeair-customerservice-java-6.0.war","assessmentUnitName":"acmeair-customerservice-java-6.0.war","targets":[{"uniqueCodeCost":0.1,"commonCodeCost":0.0,"totalCost":0.1,"issues":[{"ruleId":"BeansXmlNamespace","ruleName":"Check for a valid schema in beans.xml","cost":0.1,"uniqueCodeCost":0.1,"commonCodeCost":0.0,"isCostCapped":false,"occurrences":[{"artifact":"0a0a66eb24acb4116f4c3550e75eb00930ca9d7931981530ac99d7471dca94c2_acmeair-customerservice-java-6.0.war","artifactDisplayName":"acmeair-customerservice-java-6.0.war","commonCode":false,"occurrences":[{"fileName":"WEB-INF/beans.xml","match":"beans","reference":"","lineNumber":2}],"numOccurrences":1}],"actionTaken":"","additionalInformation":"","severity":"critical","type":"TECHNOLOGY","isValid":true,"complexityRule":"UPDATE_CODE","solutionText":["ta.liberty.issue.complexity.rule.issue.categories.update.code"],"automatedFix":"automated","helpBody":"\u003ch3\u003eCheck for a valid schema in beans.xml\u003c/h3\u003e\n\u003cp\u003e\n\t\t\tIf a \u003cspan class\u003d\"FilePath\"\u003ebeans.xml\u003c/span\u003e file includes\n\t\t\tdecorators or interceptors, a valid schema must be used for proper\n\t\t\tinstantiation. The namespace and schema location in the \u003cspan class\u003d\"FilePath\"\u003ebeans.xml\u003c/span\u003e\n\t\t\tfile must match the specification for the applicable CDI version.\n\t\t\u003c/p\u003e\n\t\t\u003cp\u003e This rule scans \u003cspan class\u003d\"FilePath\"\u003ebeans.xml\u003c/span\u003e files to see if a \n\t\t\tvalid namespace is provided on the \u003ccode\u003exmlns\u003c/code\u003e attribute. If the namespace is \n\t\t\tvalid, the rule also verifies that the corresponding schema location on the \u003ccode\u003eschemaLocation\u003c/code\u003e attribute is correct.\n\t\t\u003c/p\u003e\n\t\t\u003cp\u003e\n\t\t\tThe following example shows a valid \u003cspan class\u003d\"FilePath\"\u003ebeans.xml\u003c/span\u003e\n\t\t\tfile for the CDI 1.0 specification.\n\t\t\u003c/p\u003e\n\n\t\t\u003ctable summary\u003d\"This table provides more information about the rule, sometimes in the form of an excerpt from a file demonstrating the migration issue.\" bgcolor\u003d\"#F7F8F9\" border\u003d\"1\" cellpadding\u003d\"2px\"\u003e\n\u003ctr\u003e\u003ctd\u003e\n\u003cpre class\u003d\"JavaType\"\u003e\n\u003ccode\u003e\n\u0026lt;beans xmlns\u003d\"http://java.sun.com/xml/ns/javaee\" \n\t\t  xmlns:xsi\u003d\"http://www.w3.org/2001/XMLSchema-instance\"\n\t\t  xsi:schemaLocation\u003d\"http://java.sun.com/xml/ns/javaee \n\t\t  \t\t      \t\t http://java.sun.com/xml/ns/javaee/beans_1_0.xsd\"\u0026gt;\n\u0026lt;/beans\u0026gt; \n\u003c/code\u003e\n\u003c/pre\u003e\n\u003c/td\u003e\u003c/tr\u003e\u003c/table\u003e\n\t\t\u003cp\u003e\n\t\t\tThe following example shows a valid \u003cspan class\u003d\"FilePath\"\u003ebeans.xml\u003c/span\u003e\n\t\t\tfile for the CDI 1.2 specification.\n\t\t\u003c/p\u003e\n\t\t\n\u003ctable summary\u003d\"This table provides more information about the rule, sometimes in the form of an excerpt from a file demonstrating the migration issue.\" bgcolor\u003d\"#F7F8F9\" border\u003d\"1\" cellpadding\u003d\"2px\"\u003e\n\u003ctr\u003e\u003ctd\u003e\n\u003cpre class\u003d\"JavaType\"\u003e\n\u003ccode\u003e\n\u0026lt;beans xmlns\u003d\"http://xmlns.jcp.org/xml/ns/javaee\" \n\t\t  xmlns:xsi\u003d\"http://www.w3.org/2001/XMLSchema-instance\"\n\t\t  xsi:schemaLocation\u003d\"http://xmlns.jcp.org/xml/ns/javaee \n\t\t  \t\t      \t\t http://xmlns.jcp.org/xml/ns/javaee/beans_1_1.xsd\" \n\t\t  \t\t\t\t \t\t\t bean-discovery-mode\u003d\"all\" version\u003d\"1.1\"\u0026gt;\n\u0026lt;/beans\u0026gt;\n\u003c/code\u003e \n\u003c/pre\u003e\n\u003c/td\u003e\u003c/tr\u003e\u003c/table\u003e\n\t\t\u003cp\u003e\n\t\t\tIf a namespace is provided and it does not match either\n\t\t\tspecification, the server throws an exception when\n\t\t\tprocessing the \u003cspan class\u003d\"FilePath\"\u003ebeans.xml\u003c/span\u003e file.\n\t\t\tYou can disable validation by setting the following JVM property:\n\t\t\u003c/p\u003e\n\u003cpre\u003e\t\t\n\t\u003ccode\u003eorg.jboss.weld.xml.disableValidating\u003dtrue\u003c/code\u003e\n\u003c/pre\u003e\n\t\t\u003cp\u003e\n\t\tIf no namespace is provided, the rule does not flag the \u003cspan class\u003d\"FilePath\"\u003ebeans.xml\u003c/span\u003e file.\n\t\t\u003c/p\u003e\n\t\t\u003cp\u003e\n\t\tThe automated fix for this rule updates incompatible namespaces with the value appropriate to the specified \n\t\tschemaLocation. Copy the \u003ca href\u003d\"#analyze_AutomatedFixConfiguration\"\u003ecustom configuration\u003c/a\u003e to your \n\t\tapplication build file to enable the fix automation.\n\t\t\u003c/p\u003e\n\t\t\u003cp\u003e\n\t\t\tIf you are considering using CDI 1.2 provided with Java EE 7, see \u003ca\n\t\t\t\thref\u003d\"https://www.ibm.com/docs/en/was-liberty/base?topic\u003dSSEQTP_liberty/com.ibm.websphere.wlp.nd.multiplatform.doc/ae/cwlp_cdi_behavior.html\"\n\t\t\t\ttitle\u003d\"Opens a new window\" onclick\u003d\"javascript:helpWindow(\u0027https://www.ibm.com/docs/en/was-liberty/base?topic\u003dSSEQTP_liberty/com.ibm.websphere.wlp.nd.multiplatform.doc/ae/cwlp_cdi_behavior.html\u0027); return false;\"\u003e\n\t\t\t\tContexts and Dependency Injection 1.2 behavior changes\u003c/a\u003e.\n\t\t\u003c/p\u003e\n\t","occurrenceFields":{"reference":"Reference","fileName":"File Name","match":"Match","lineNumber":"Line Number","artifactDisplayName":"Artifact"}},{"ruleId":"MissingBeansFile","ruleName":"CDI scans for implicit beans when there is no beans.xml file","cost":0.0,"uniqueCodeCost":0.0,"commonCodeCost":0.0,"isCostCapped":false,"occurrences":[{"artifact":"7c693efe687808b4e21e5360b84b97204453a56fb813f9fe3549b0417b8a1e19_mongo-java-driver-3.12.13.jar","artifactDisplayName":"mongo-java-driver-3.12.13.jar","commonCode":false,"occurrences":[{"fileName":"mongo-java-driver-3.12.13.jar","match":".*(\\.war|\\.jar)","reference":"","lineNumber":0}],"numOccurrences":1},{"artifact":"6d046c0cf695cc03e851465185cd8d94756844bb88ef897f55f7c4c67d89b2a2_bson-3.12.13.jar","artifactDisplayName":"bson-3.12.13.jar","commonCode":false,"occurrences":[{"fileName":"bson-3.12.13.jar","match":".*(\\.war|\\.jar)","reference":"","lineNumber":0}],"numOccurrences":1}],"actionTaken":"","additionalInformation":"","severity":"suggested","type":"ADDITIONAL_INFORMATION","isValid":true,"complexityRule":"NO_CODE_CHANGE_OR_MANAGEABLE_DEPENDENCIES","solutionText":[],"automatedFix":"none","helpBody":"\u003ch3\u003eCDI scans for implicit beans when there is no beans.xml file\u003c/h3\u003e\n\u003cp\u003e\n\t\t    The Contexts and Dependency Injection (CDI) 1.1 specification introduced implicit bean discovery mode, \n\t\t\tresulting in behavior and performance changes from the Java Platform, Enterprise Edition (Java EE)\n\t\t\t6 CDI 1.0 implementation in WebSphere Application Server.\n\t\t\u003c/p\u003e\n\t\t\u003cp\u003e\n\t\t\tThis rule flags the \u003cspan class\u003d\"FilePath\"\u003eWEB-INF\u003c/span\u003e or \u003cspan\n\t\t\t\tclass\u003d\"FilePath\"\u003eMETA-INF\u003c/span\u003e folder if the project does not\n\t\t\tcontain a \u003cspan class\u003d\"FilePath\"\u003ebeans.xml\u003c/span\u003e file. When moving\n\t\t\tfrom Java EE 6 CDI 1.0 to Java EE 7 CDI 1.1 or later, implicit bean\n\t\t\tdiscovery results in all WAR and JAR files being scanned by the\n\t\t\truntime, even if they do not have a \u003cspan class\u003d\"FilePath\"\u003ebeans.xml\u003c/span\u003e\n\t\t\tfile. This can lead to bean discovery performance degradation if you\n\t\t\tenable the \u003cspan class\u003d\"Code\"\u003ecdi-1.2\u003c/span\u003e feature on Liberty.\n\t\t\u003c/p\u003e\n\t\t\u003cp\u003e \n\t\t\tIn Java EE 7, if no \u003cspan class\u003d\"FilePath\"\u003ebeans.xml\u003c/span\u003e file is defined, the runtime automatically\n\t\t\tscans for bean-defining annotations. To\n\t\t\tdisable this behavior, add a \u003cspan class\u003d\"FilePath\"\u003ebeans.xml\u003c/span\u003e\n\t\t\tfile with bean discovery mode set to \u003cspan class\u003d\"FilePath\"\u003enone\u003c/span\u003e, as \n\t\t\tshown in the following example.\n\t\t\u003c/p\u003e\n\u003ctable summary\u003d\"This table provides more information about the rule, sometimes in the form of an excerpt from a file demonstrating the migration issue.\" bgcolor\u003d\"#F7F8F9\" border\u003d\"1\" cellpadding\u003d\"2px\"\u003e\n\u003ctr\u003e\u003ctd\u003e\n\u003cpre class\u003d\"JavaType\"\u003e\n\u003ccode\u003e\n\u0026lt;beans xmlns\u003d\"http://xmlns.jcp.org/xml/ns/javaee\" \n\t\t  xmlns:xsi\u003d\"http://www.w3.org/2001/XMLSchema-instance\"\n\t\t  xsi:schemaLocation\u003d\"http://xmlns.jcp.org/xml/ns/javaee \n\t\t  \t\t      http://xmlns.jcp.org/xml/ns/javaee/beans_1_1.xsd\" \n\t\t  \t\t      bean-discovery-mode\u003d\"none\" version\u003d\"1.1\"\u0026gt;\n\u0026lt;/beans\u0026gt;\n\u003c/code\u003e\n\u003c/pre\u003e\n\u003c/td\u003e\u003c/tr\u003e\u003c/table\u003e\n\t\t\u003cp\u003e\n\t\t\tOn Liberty, you can\n\t\t\talso disable this behavior by adding the following property to the \u003cspan\n\t\t\t\tclass\u003d\"FilePath\"\u003eserver.xml\u003c/span\u003e file.\n\t\t\u003c/p\u003e\n\t\t\u003ctable summary\u003d\"This table provides more information about the rule, sometimes in the form of an excerpt from a file demonstrating the migration issue.\" bgcolor\u003d\"#F7F8F9\" border\u003d\"1\" cellpadding\u003d\"2px\"\u003e\n\u003ctr\u003e\u003ctd\u003e\n\u003cpre class\u003d\"JavaType\"\u003e\n\u003ccode\u003e\n\u0026lt;cdi12 enableImplicitBeanArchives\u003d\"false\"/\u0026gt;\n\u003c/code\u003e\n\u003c/pre\u003e\n\u003c/td\u003e\u003c/tr\u003e\u003c/table\u003e\n\t\t\u003cp\u003e\n\t\t\tOn WebSphere Application Server traditional, this behavior can be disabled in the following ways:\n\t\t\u003c/p\u003e\n\t\t\u003cul\u003e\n\t\t\u003cli\u003e\n\t\t\tSetting the \u003ccode\u003eenableImplicitBeanArchives\u003c/code\u003e custom property to false disables CDI-related \n\t\t\tannotation scanning steps for archives that do not contain a bean descriptor such as the beans.xml file.\n\t\t\u003c/li\u003e\n\t\t\u003cli\u003e\n\t\t\tSetting the \u003ccode\u003eenableCDI\u003c/code\u003e custom property to false, disables all CDI steps. This value \n\t\t\tshould be set to false if no CDI is needed on the server level.\n\t\t\u003c/li\u003e\n\t\t\u003c/ul\u003e\n\t\t\u003cp\u003e\n\t\t\tFor more information on setting these properties in WebSphere traditional, see the \u003ca href\u003d\"http://www-01.ibm.com/support/docview.wss?uid\u003dswg21983564\"\n\t\t\t\ttitle\u003d\"Opens a new window\" onclick\u003d\"javascript:helpWindow(\u0027http://www-01.ibm.com/support/docview.wss?uid\u003dswg21983564\u0027); return false;\"\u003e\n\t\t\t\tCustom Properties for improving application startup in WebSphere Application Server\u003c/a\u003e documentation.\n\t\t\u003c/p\u003e\n\t\t\u003cp\u003e\n\t\t\tFor more information on the Java EE 7 CDI 1.2 implementation, see \u003ca href\u003d\"https://www.ibm.com/docs/en/was-liberty/base?topic\u003dSSEQTP_liberty/com.ibm.websphere.wlp.nd.multiplatform.doc/ae/cwlp_cdi_behavior.html\"\n\t\t\t\ttitle\u003d\"Opens a new window\" onclick\u003d\"javascript:helpWindow(\u0027https://www.ibm.com/docs/en/was-liberty/base?topic\u003dSSEQTP_liberty/com.ibm.websphere.wlp.nd.multiplatform.doc/ae/cwlp_cdi_behavior.html\u0027); return false;\"\u003e\n\t\t\t\tContexts and Dependency Injection 1.2 behavior changes\u003c/a\u003e.\n\t\t\u003c/p\u003e\n\t","occurrenceFields":{"reference":"Reference","fileName":"File Name","match":"Match","lineNumber":"Line Number","artifactDisplayName":"Artifact"}},{"ruleId":"URLRuleDockerCloud","ruleName":"Validate the URL host and port for cloud access","cost":0.0,"uniqueCodeCost":0.0,"commonCodeCost":0.0,"isCostCapped":false,"occurrences":[{"artifact":"0a0a66eb24acb4116f4c3550e75eb00930ca9d7931981530ac99d7471dca94c2_acmeair-customerservice-java-6.0.war","artifactDisplayName":"acmeair-customerservice-java-6.0.war","commonCode":false,"occurrences":[{"fileName":"acmeair-customerservice-java-6.0.war","match":"mp.jwt.verify.issuer\u003dhttp://acmeair-ms","reference":"1","lineNumber":0}],"numOccurrences":1}],"actionTaken":"","additionalInformation":"","severity":"suggested","type":"ADDITIONAL_INFORMATION","isValid":true,"complexityRule":"NO_CODE_CHANGE_OR_MANAGEABLE_DEPENDENCIES","solutionText":[],"automatedFix":"none","helpBody":"\u003ch3\u003eValidate the URL host and port for cloud access\u003c/h3\u003e\n\u003cp\u003eIn a cloud environment, there are many things to consider when accessing URLs from your application.\n\u003c/p\u003e\n\u003col\u003e\n\u003cli\u003eDoes the host name or IP address need to change?\u003c/li\u003e\n\u003cul\u003e\u003cli\u003eIf the target service moved with the application, then the host name or IP address needs to change.\u003c/li\u003e\u003c/ul\u003e\n\n\u003cli\u003eCan the host be accessed from the cloud environment?\u003c/li\u003e\n\u003cul\u003e\u003cli\u003eIf the target host is not on the public internet, you need to configure a secure connection using a VPN tunnel.\nSee \u003ca href\u003d\"#SecureConnection\"\u003eCreate a Secure Connection\u003c/a\u003e for more information.\u003c/li\u003e\u003c/ul\u003e\n\n\u003cli\u003eCan the port be accessed from the cloud environment?\u003c/li\u003e\n\u003cul\u003e\u003cli\u003eIf the target host is on the public cloud, you might need to open the port when using non-default ports.\nSee \u003ca href\u003d\"#OpenPort\"\u003eOpen a Port\u003c/a\u003e for more information.\u003c/li\u003e\u003c/ul\u003e\n\n\u003cli\u003eCan the host name or IP address change dynamically in the cloud environment after deployment?\u003c/li\u003e\n\u003cul\u003e\u003cli\u003eIn a cloud environment, services or peers can be relocated or regenerated, which shifts them to new host\nnames and IP addresses. When these shifts occur, application calls to particular host names or IP addresses can break.\u003c/li\u003e\n\u003cli\u003eInstead of using host names or IP addresses, consult an external service registry to resolve service endpoints, \nor delegate the entire routing function to a service bus or a load balancer with a virtual name instead.\u003c/li\u003e\u003c/ul\u003e\n\n\u003cli\u003eIf the host name is \u003ccode\u003elocalhost\u003c/code\u003e, did the target service move with the application?\u003c/li\u003e\n\u003cul\u003e\u003cli\u003eIf it did not move, you need to configure a secure connection using a VPN tunnel. See \u003ca href\u003d\"#SecureConnection\"\u003eCreate a Secure Connection\u003c/a\u003e for more information.\u003c/li\u003e\u003c/ul\u003e\n\u003c/ol\u003e\n\n\u003cp\u003eThis rule flags references to the following in Java string literals and in property values in .properties files:\n\u003c/p\u003e\n\u003cul\u003e\n\u003cli\u003ecorbaloc:\u0026lt;protocol\u0026gt;:\u0026lt;host\u0026gt;:\u0026lt;port\u0026gt;/ (protocol and port are optional)\u003c/li\u003e\n\u003cli\u003ecorbaname:\u0026lt;protocol\u0026gt;:\u0026lt;host\u0026gt;:\u0026lt;port\u0026gt;/ (protocol and port are optional)\u003c/li\u003e\n\u003cli\u003ehttp://\u003c/li\u003e\n\u003cli\u003ehttps://\u003c/li\u003e\n\u003cli\u003eiiop://\u003c/li\u003e\n\u003cli\u003eimap://\u003c/li\u003e\n\u003cli\u003ejdbc:\u0026lt;database type\u0026gt;://\u003c/li\u003e\n\u003cli\u003eldap://\u003c/li\u003e\n\u003cli\u003eldaps://\u003c/li\u003e\n\u003cli\u003epop2://\u003c/li\u003e\n\u003cli\u003esmtp://\u003c/li\u003e\n\u003cli\u003essl://\u003c/li\u003e\n\u003cli\u003etcp://\u003c/li\u003e\n\u003c/ul\u003e\n\u003cp\u003eIf the target cloud runtime environment is IBM Cloud or Third-party PaaS, the following protocols are not flagged by this rule because\nthey are flagged by the \u003ca href\u003d\"PLUGINS_ROOT/com.ibm.ws.appconversion.liberty2cloud/ruleinfo/appmigration/liberty2cloud/ProtocolRule.html\"\u003eDo not use older or non-standard protocols\u003c/a\u003e rule.\u003c/p\u003e\n\u003cul\u003e\n\u003cli\u003ecorbaloc\u003c/li\u003e\n\u003cli\u003eiiop\u003c/li\u003e\n\u003cli\u003essl\u003c/li\u003e\n\u003cli\u003etcp\u003c/li\u003e\n\u003c/ul\u003e\n\u003cp\u003eThis rule also flags references to \"http://\" or \"https://\" in the \u003ccode\u003elocation\u003c/code\u003e attribute on the \u003cspan class\u003d\"XmlDefinition\"\u003e\u0026lt;address\u0026gt;\u003c/span\u003e element in WSDL files.\n\u003c/p\u003e\n\u003cp\u003e\nNote: References to \"http://www.w3.org/\" and \"http://schemas.xmlsoap.org/\" are not flagged because they identify defined\nnamespaces in the Web Services Addressing specification. \n\u003c/p\u003e\n\u003ch4\u003eHow to Resolve\u003c/h4\u003e\n\t\t\u003cp\u003eIf your application is able to directly access the service endpoint or peer, no further action is required.\n\t\tOtherwise, there are two potential solutions:\u003c/p\u003e\n\u003ch5 id\u003d\"SecureConnection\"\u003eCreate a Secure Connection\u003c/h5\u003e\n\t\t\u003cp\u003eYou can use a VPN tunnel, such as the IBM Secure Gateway for IBM Cloud, \n\t\t\tto create a secure connection to your service endpoint or peer. \n\t\t\tFor more information about configuring a secure connection, see \n\t\t\t\u003ca href\u003d\"SecureConnection.html\"\u003eConfiguring a VPN\u003c/a\u003e. \n\t\t\tAfter configuring your gateway, connect your application to the\n\t\t\tnew destination by using the cloud host and port number that is\n\t\t\tprovided when you created the destination.\u003c/p\u003e\n\u003ch5 id\u003d\"OpenPort\"\u003eOpen a Port\u003c/h5\u003e\n\u003cp\u003eOnly certain ports are open by default in a cloud environment. For information on how to open additional ports, see the \u003ccode\u003eFirewall Ports\u003c/code\u003e section in \n\u003ca href\u003d\"https://cloud.ibm.com/docs/ApplicationServeronCloud?topic\u003dApplicationServeronCloud-system_access#firewall_ports\" \ntitle\u003d\"Opens a new window\" onclick\u003d\"javascript:helpWindow(\u0027https://cloud.ibm.com/docs/ApplicationServeronCloud?topic\u003dApplicationServeronCloud-system_access#firewall_ports\u0027);return false\"\u003e\nWebSphere Application Server in IBM Cloud System access\u003c/a\u003e.\u003c/p\u003e\n\u003cp\u003e\nFor more information, see \u003ca href\u003d\"https://developer.ibm.com/depmodels/cloud/articles/1404-brown/\" \ntitle\u003d\"Opens a new window\" onclick\u003d\"javascript:helpWindow(\u0027https://developer.ibm.com/depmodels/cloud/articles/1404-brown/\u0027);return false\"\u003e\nTop 9 rules for cloud applications\u003c/a\u003e.\n\u003c/p\u003e\n","occurrenceFields":{"reference":"Reference","fileName":"File Name","match":"Match","lineNumber":"Line Number","artifactDisplayName":"Artifact"}},{"ruleId":"DatabasesRule","ruleName":"Databases","cost":0.0,"uniqueCodeCost":0.0,"commonCodeCost":0.0,"isCostCapped":false,"occurrences":[{"artifact":"0a0a66eb24acb4116f4c3550e75eb00930ca9d7931981530ac99d7471dca94c2_acmeair-customerservice-java-6.0.war","artifactDisplayName":"acmeair-customerservice-java-6.0.war","commonCode":false,"occurrences":[{"fileName":"WEB-INF/classes/com/acmeair/mongo/ConnectionManager.class","match":"com.mongodb","reference":"Constructor","lineNumber":49}],"numOccurrences":1}],"actionTaken":"ta.actionTaken.migrating.cloud.maintain.resource","additionalInformation":"","severity":"suggested","type":"CLOUD_CONSIDERATION","isValid":true,"complexityRule":"NO_CODE_CHANGE_OR_MANAGEABLE_DEPENDENCIES","solutionText":[],"automatedFix":"none","helpBody":"\u003ch3\u003eDatabases\u003c/h3\u003e\n\u003cp\u003eWhen migrating applications using databases to a cloud platform, \nconsider how to maintain access to the database from the cloud.\n\u003c/p\u003e\n\u003cp\u003eThe following Java packages indicate use of a database:\u003c/p\u003e\n\u003cul\u003e\n\u003cli\u003e\u003ccode\u003ejava.sql\u003c/code\u003e\u003c/li\u003e\n\u003cli\u003e\u003ccode\u003ejavax.sql\u003c/code\u003e\u003c/li\u003e\n\u003cli\u003e\u003ccode\u003ejavax.persistence\u003c/code\u003e\u003c/li\u003e\n\u003cli\u003e\u003ccode\u003eorg.apache.ibatis\u003c/code\u003e\u003c/li\u003e\n\u003cli\u003e\u003ccode\u003eorg.hibernate\u003c/code\u003e\u003c/li\u003e\n\u003cli\u003e\u003ccode\u003eorg.springframework.dao\u003c/code\u003e\u003c/li\u003e\n\u003cli\u003e\u003ccode\u003eorg.springframework.jdbc\u003c/code\u003e\u003c/li\u003e\n\u003cli\u003e\u003ccode\u003eorg.ektorp\u003c/code\u003e\u003c/li\u003e\n\u003cli\u003e\u003ccode\u003eorg.lightcouch\u003c/code\u003e\u003c/li\u003e\n\u003cli\u003e\u003ccode\u003eorg.jcouchdb\u003c/code\u003e\u003c/li\u003e\n\u003cli\u003e\u003ccode\u003ecom.buycentives.jrelax\u003c/code\u003e\u003c/li\u003e\n\u003cli\u003e\u003ccode\u003ecom.mongodb\u003c/code\u003e\u003c/li\u003e\n\u003c/ul\u003e\n\u003cp\u003eThis rule flags the following references in the \u003cspan class\u003d\"FilePath\"\u003epersistence.xml\u003c/span\u003e file: \n\u003c/p\u003e\n\u003cul\u003e\n\u003cli\u003e\u003ccode\u003e\u0026lt;property name\u003d\"javax.persistence.jdbc.url\"/\u0026gt;\u003c/code\u003e\u003c/li\u003e\n\u003cli\u003e\u003ccode\u003e\u0026lt;jta-data-source\u0026gt;\u003ci\u003edata source name\u003c/i\u003e\u0026lt;/jta-data-source\u0026gt;\u003c/code\u003e\u003c/li\u003e\n\u003cli\u003e\u003ccode\u003e\u0026lt;non-jta-data-source\u0026gt;\u003ci\u003edata source name\u003c/i\u003e\u0026lt;/non-jta-data-source\u0026gt;\u003c/code\u003e\u003c/li\u003e\n\u003c/ul\u003e\n\u003cp\u003e\nThis rule also flags resource references with a type of\n\u003ccode\u003e\u0026lt;res-type\u0026gt;javax.sql.DataSource\u0026lt;/res-type\u0026gt;\u003c/code\u003e element in \u003ccode\u003eapplication.xml\u003c/code\u003e, \n\u003ccode\u003eapplication-client.xml\u003c/code\u003e, \u003ccode\u003eejb-jar.xml\u003c/code\u003e, or \u003ccode\u003eweb.xml\u003c/code\u003e files.\n\u003c/p\u003e\n\u003cp\u003eEach database Java API type referenced by an application is flagged only once per Eclipse project or Java archive. \nFor example, if \u003ccode\u003ejava.sql\u003c/code\u003e and \u003ccode\u003ejavax.persistence\u003c/code\u003e APIs are both used in an Eclipse project, \nyou get two results for that project.  The results do not give you an indication of how\nmany databases are being accessed. Rather, they give an indication of the technologies that you use \nto access databases.\n\u003c/p\u003e\n\u003cp\u003e\nAll \u003ccode\u003ejavax.persistence.jdbc.url\u003c/code\u003e properties are flagged because\nthey must be reconfigured when you use a VPN tunnel.\n\u003c/p\u003e\n\u003cp\u003e\nIn the following \u003cspan class\u003d\"FilePath\"\u003epersistence.xml\u003c/span\u003e file, \nthe \u003ccode\u003eproperty\u003c/code\u003e element with \u003ccode\u003ename\u003d\"javax.persistence.jdbc.url\"\u003c/code\u003e is flagged by this rule. \n\u003c/p\u003e\n\u003ctable summary\u003d\"This table provides more information about the rule, sometimes in the form of an excerpt from a file demonstrating the migration issue.\" bgcolor\u003d\"#F7F8F9\" border\u003d\"1\" cellpadding\u003d\"2px\"\u003e\n\u003ctr\u003e\u003ctd\u003e\n\u003cpre\u003e\n\u0026lt;persistence\u0026gt;\n  \u0026lt;persistence-unit name\u003d\"openjpa\"\u0026gt;\n    \u0026lt;properties\u0026gt;\n      ...\n      \u0026lt;property name\u003d\"javax.persistence.jdbc.url\"\n                   value\u003d\"jdbc:db2://host.ibm.com:50000/mydb2user\" /\u0026gt;\n       ...\n    \u0026lt;/properties\u0026gt;\n  \u0026lt;/persistence-unit\u0026gt;\n\u0026lt;/persistence\u0026gt;\n\u003c/pre\u003e\n\u003c/td\u003e\u003c/tr\u003e\u003c/table\u003e\n\u003ch4\u003eHow to Resolve\u003c/h4\u003e\n\t\t\u003cp\u003eIf your application is able to directly access the database provider, no further action is required.\n\t\t\u003c/p\u003e\n\t\t\u003cp\u003e\n\t\t\tOtherwise, you can use a VPN tunnel, such as the IBM Secure Gateway for IBM Cloud, \n\t\t\tto create a secure connection to your existing on-premises database provider.\n\t\t\tFor more information about configuring a secure connection, see \n\t\t\t\u003ca href\u003d\"SecureConnection.html\"\u003eConfiguring a VPN\u003c/a\u003e. After configuring your gateway, connect your application to the\n\t\t\tnew destination by using the cloud host and port number that is\n\t\t\tprovided when you created the destination.\n\t\t\tThe following URL is an example of an IBM DB2 database URL:\u003c/p\u003e\n\t\t\t\u003cul\u003e\n\t\t\t\u003cli\u003e\u003cspan class\u003d\"Code\"\u003ejdbc:db2://\u0026lt;cloud host\u0026gt;:\u0026lt;cloud port\u0026gt;/\u0026lt;database name\u0026gt;\u003c/span\u003e\u003c/li\u003e\n\t\t\t\u003c/ul\u003e\n\u003cp\u003e\nFor situations where you want to move your data to the cloud, you can use \u003ca href\u003d\"https://www.ibm.com/cloud/data\"\ntitle\u003d\"Opens a new window\" onclick\u003d\"javascript:helpWindow(\u0027https://www.ibm.com/cloud/data\u0027);return false\"\u003e\nIBM Cloud databases\u003c/a\u003e.\n\u003c/p\u003e\n","occurrenceFields":{"reference":"Reference","fileName":"File Name","match":"Match","lineNumber":"Line Number","artifactDisplayName":"Artifact"}},{"ruleId":"DetectPropertiesFiles","ruleName":"Handling application configuration in Docker containers","cost":0.0,"uniqueCodeCost":0.0,"commonCodeCost":0.0,"isCostCapped":false,"occurrences":[{"artifact":"0a0a66eb24acb4116f4c3550e75eb00930ca9d7931981530ac99d7471dca94c2_acmeair-customerservice-java-6.0.war","artifactDisplayName":"acmeair-customerservice-java-6.0.war","commonCode":false,"occurrences":[{"fileName":"WEB-INF/classes/META-INF/microprofile-config.properties","match":"(.*)?\\.properties","reference":"","lineNumber":0}],"numOccurrences":1}],"actionTaken":"","additionalInformation":"","severity":"suggested","type":"ADDITIONAL_INFORMATION","isValid":true,"complexityRule":"NO_CODE_CHANGE_OR_MANAGEABLE_DEPENDENCIES","solutionText":[],"automatedFix":"none","helpBody":"\u003ch3\u003eHandling application configuration in Docker containers\u003c/h3\u003e\n\u003cp\u003eThis rule detects properties files packaged within an\n\t\t\tapplication and references to the \u003ccode\u003eload\u003c/code\u003e and \u003ccode\u003eloadFromXML\u003c/code\u003e \n\t\t\tmethods on \u003ccode\u003ejava.util.Properties\u003c/code\u003e. It is best practice to \n\t\t\texternalize configuration so that it can be injected into the container.\u003c/p\u003e\n\t\t\u003cp\u003e\n\t\t\tFor more information, see \u003ca\n\t\t\t\thref\u003d\"https://www.ibm.com/support/knowledgecenter/SSAW57_liberty/com.ibm.websphere.wlp.nd.multiplatform.doc/ae/twlp_setup_vars.html\"\n\t\t\t\ttitle\u003d\"Opens a new window\" onclick\u003d\"javascript:helpWindow(\u0027https://www.ibm.com/support/knowledgecenter/SSAW57_liberty/com.ibm.websphere.wlp.nd.multiplatform.doc/ae/twlp_setup_vars.html\u0027);return false\"\u003e\n\t\t\t\tUsing variables in configuration files\u003c/a\u003e and \u003ca\n\t\t\t\thref\u003d\"https://12factor.net/config\"\n\t\t\t\ttitle\u003d\"Opens a new window\" onclick\u003d\"javascript:helpWindow(\u0027https://12factor.net/config\u0027);return false\"\u003e\n\t\t\t\tStore config in the environment\u003c/a\u003e.\n\t\t\u003c/p\u003e\n\t","occurrenceFields":{"reference":"Reference","fileName":"File Name","match":"Match","lineNumber":"Line Number","artifactDisplayName":"Artifact"}}],"summary":{"complexity":{"simple":{"ADDITIONAL_INFORMATION":3,"CLOUD_CONSIDERATION":1},"moderate":{"TECHNOLOGY":1},"score":"moderate"},"issues":{"suggested":4,"critical":1},"isCostCapped":false,"effort":{"total":0.1,"ADDITIONAL_INFORMATION":0.0,"TECHNOLOGY":0.1,"CLOUD_CONSIDERATION":0.0},"requiredCodeChanges":"automated"},"technologyType":"Base","automatedFixConfig":{"mavenConfig":"\u003cplugin\u003e\n    \u003cgroupId\u003eorg.openrewrite.maven\u003c/groupId\u003e\n    \u003cartifactId\u003erewrite-maven-plugin\u003c/artifactId\u003e\n    \u003cversion\u003e5.23.1\u003c/version\u003e\n    \u003cconfiguration\u003e\n        \u003cactiveRecipes\u003e\n            \u003c!--Check for a valid schema in beans.xml--\u003e\n            \u003crecipe\u003eorg.openrewrite.java.migrate.BeansXmlNamespace\u003c/recipe\u003e\n        \u003c/activeRecipes\u003e\n    \u003c/configuration\u003e\n    \u003cdependencies\u003e\n        \u003cdependency\u003e\n            \u003cgroupId\u003eorg.openrewrite.recipe\u003c/groupId\u003e\n            \u003cartifactId\u003erewrite-migrate-java\u003c/artifactId\u003e\n            \u003cversion\u003e2.9.1\u003c/version\u003e\n        \u003c/dependency\u003e\n    \u003c/dependencies\u003e\n\u003c/plugin\u003e\n","gradleConfig":"plugins {\n    id \u0027java\u0027\n    id \u0027maven-publish\u0027\n    id \u0027org.openrewrite.rewrite\u0027 version \u00276.8.4\u0027\n}\n\nrewrite {\n    activeRecipe(\n        // Check for a valid schema in beans.xml\n        \u0027org.openrewrite.java.migrate.BeansXmlNamespace\u0027,\n    )\n}\n\ndependencies {\n        rewrite(\u0027org.openrewrite.recipe:rewrite-migrate-java:2.9.1\u0027)\n}"},"targetId":"openLiberty"}]}