{"middlewareId":"IBM WebSphere Application Server__8.5.5","collectionUnitName":"websphere-cafe","collectionIds":["59376495-be32-4ad3-8f46-240f38f034bd"],"groups":[],"commonCode":[],"usedBy":[],"uses":[],"assessmentUnitId":"artefact1.fyre.ibm.com_9547fd4f-98cd-4978-a730-b9f8471d084d_javaAppServer_was_profile_websphere-cafe_websphere-cafe.war","assessmentUnitName":"websphere-cafe.war","targets":[{"uniqueCodeCost":2.1,"commonCodeCost":0.0,"totalCost":2.1,"issues":[{"ruleId":"DetectJAXRS","ruleName":"Java API for RESTful Web Services (JAX-RS)","cost":0.0,"uniqueCodeCost":0.0,"commonCodeCost":0.0,"isCostCapped":false,"occurrences":[{"artifact":"a8d4455205d7509305a439ec9738681ee36052144dded32d9086f113e1a14dab_websphere-cafe.war","artifactDisplayName":"websphere-cafe.war","commonCode":false,"occurrences":[{"fileName":"WEB-INF/classes/cafe/web/rest/CafeResource.class","match":"javax.ws.rs","reference":"Class annotation","lineNumber":0}],"numOccurrences":1}],"actionTaken":"","additionalInformation":"","severity":"suggested","type":"ADDITIONAL_INFORMATION","isValid":true,"complexityRule":"NO_CODE_CHANGE_OR_MANAGEABLE_DEPENDENCIES","solutionText":[],"automatedFix":"none","helpBody":"\u003ch3\u003eJava API for RESTful Web Services\n\t\t\t(JAX-RS)\u003c/h3\u003e\n\u003cp\u003e\n\t\t\tThis rule flags references to\n\t\t\t\u003ccode\u003ejavax.ws.rs\u003c/code\u003e\n\t\t\tpackages.\n\t\t\u003c/p\u003e\n\t\t\u003cp\u003eIf you are using the source scanner, your migration\n\t\t\tconfiguration selections indicate that you are migrating to Java EE 7\n\t\t\tbut are not changing your JAX-RS implementation level. In this case,\n\t\t\tyou will need to configure the server to use the non-default\n\t\t\timplementation.\u003c/p\u003e\n\t\t\u003cp\u003eIf you are using the binary application scanner, this rule is\n\t\t\tincluded when the target Java EE level is version 7. The rule advises\n\t\t\tyou of any required server configuration to use the non-default\n\t\t\timplementation for JAX-RS.\u003c/p\u003e\n\t\t\u003cp\u003eWebSphere Application Server traditional V9.0 is Java EE 7\n\t\t\tcertified which includes JAX-RS 2.0 by default. If you are migrating to WebSphere Application Server \n\t\t\ttraditional V9.0, you can configure your server to use the JAX-RS 1.1 implementation to minimize the \n\t\t\tmigration impact on your application.\n\t\t\tFor information on configuring WebSphere Application Server traditional, see\n\t\t\t\u003ca\n\t\t\t\thref\u003d\"https://www.ibm.com/support/knowledgecenter/SSAW57_9.0.5/com.ibm.websphere.nd.multiplatform.doc/ae/rwbs_jaxrs_coexist.html\"\n\t\t\t\ttitle\u003d\"Opens a new window\" onclick\u003d\"javascript:helpWindow(\u0027https://www.ibm.com/support/knowledgecenter/SSAW57_9.0.5/com.ibm.websphere.nd.multiplatform.doc/ae/rwbs_jaxrs_coexist.html\u0027);return false\"\u003e\n\t\t\t\tCoexistence of JAX-RS 2.0 with JAX-RS 1.1\u003c/a\u003e.\n\t\t\t\tIf you would like to migrate to JAX-RS 2.0 instead of staying on JAX-RS 1.1, use the source scanner to assist with your application changes. \n\t\t\u003c/p\u003e\n\t\t\u003cp\u003e\n\t\t\t\u003cb\u003eNote\u003c/b\u003e: a WebSphere server can only have one default JAX-RS provider. If you are deploying multiple \n\t\t\tapplications to the same server, they must all be compatible with JAX-RS 1.1. Run the application \n\t\t\tmigration tools against all your applications to discover if any of your applications must upgrade \n\t\t\tto JAX-RS 2.0.\n\t\t\u003c/p\u003e\n\t\t\u003cp\u003e\n\t\t\tIn Liberty, to use a combination of Java EE 6 and Java EE 7\n\t\t\t​technologies, all features must be configured individually. \n\t\t\tThe \u003ccode\u003ejavaee-7.0\u003c/code\u003e feature cannot be used in this case.\n\t\t\tFor more information, see\n\t\t\t​\u003ca\n\t\t\t\thref\u003d\"https://www.ibm.com/support/knowledgecenter/SSEQTP_liberty/com.ibm.websphere.wlp.doc/ae/rwlp_prog_model_supported_combos.html\"\n\t\t\t\ttitle\u003d\"Opens a new window\" onclick\u003d\"javascript:helpWindow(\u0027https://www.ibm.com/support/knowledgecenter/SSEQTP_liberty/com.ibm.websphere.wlp.doc/ae/rwlp_prog_model_supported_combos.html\u0027);return false\"\u003eSupported Java EE 6 and 7 feature combinations\u003c/a\u003e. \n\t\t\u003c/p\u003e\n\t","occurrenceFields":{"reference":"Reference","fileName":"File Name","match":"Match","lineNumber":"Line Number","artifactDisplayName":"Artifact"}},{"ruleId":"DetectJPA","ruleName":"Java Persistence API (JPA)","cost":0.0,"uniqueCodeCost":0.0,"commonCodeCost":0.0,"isCostCapped":false,"occurrences":[{"artifact":"a8d4455205d7509305a439ec9738681ee36052144dded32d9086f113e1a14dab_websphere-cafe.war","artifactDisplayName":"websphere-cafe.war","commonCode":false,"occurrences":[{"fileName":"WEB-INF/classes/cafe/model/CafeRepository.class","match":"javax.persistence","reference":"Field annotation entityManager","lineNumber":0}],"numOccurrences":1}],"actionTaken":"","additionalInformation":"","severity":"potential","type":"ADDITIONAL_INFORMATION","isValid":true,"complexityRule":"NO_CODE_CHANGE_OR_MANAGEABLE_DEPENDENCIES","solutionText":[],"automatedFix":"none","helpBody":"\u003ch3\u003eJava Persistence API (JPA)\u003c/h3\u003e\n\u003cp\u003e\n\t\t\tThis rule flags references to\n\t\t\t\u003ccode\u003ejavax.persistence\u003c/code\u003e\n\t\t\tpackages.\n\t\t The WebSphere default JPA provider switched from OpenJPA \n\t\t\tfor JPA 2.0 (Java EE 6) to EclipseLink for JPA 2.1 (Java EE 7).\n\t\t\u003c/p\u003e\n\t\t\u003cp\u003eIf you are using the source scanner, your migration\n\t\t\tconfiguration selections indicate that you are migrating to Java EE 7\n\t\t\tbut are not changing your JPA implementation level. In this case,\n\t\t\tyou will need to configure the server to use the non-default\n\t\t\timplementation.\u003c/p\u003e\n\t\t\u003cp\u003eIf you are using the binary application scanner, this rule is\n\t\t\tincluded when the target Java EE level is version 7. The rule advises\n\t\t\tyou of any required server configuration to use the non-default\n\t\t\timplementation for JPA.\u003c/p\u003e\n\t\t\u003cp\u003eWebSphere Application Server traditional V9.0 is Java EE 7\n\t\t\tcertified which includes JPA 2.1 by default. If you are migrating to WebSphere Application Server traditional V9.0, you can configure\n\t\t\tyour server to use the JPA 2.0 implementation to minimize the migration impact on your application. \n\t\t\tFor information on configuring WebSphere Application Server traditional, see \u003ca\n\t\t\t\thref\u003d\"https://www.ibm.com/support/knowledgecenter/SSAW57_9.0.5/com.ibm.websphere.nd.multiplatform.doc/ae/tejb_idmod_jpaspec.html\"\n\t\t\t\ttitle\u003d\"Opens a new window\" onclick\u003d\"javascript:helpWindow(\u0027https://www.ibm.com/support/knowledgecenter/SSAW57_9.0.5/com.ibm.websphere.nd.multiplatform.doc/ae/tejb_idmod_jpaspec.html\u0027);return false\"\u003e\n\t\t\t\tIdentifying and modifying the JPA specification level\u003c/a\u003e.\n\t\t\t\tIf you would like to migrate to JPA 2.1 instead of staying on JPA 2.0, use the source scanner to assist with your application changes. \n\t\t\u003c/p\u003e\n\t\t\u003cp\u003e\n\t\t\tIn Liberty, to use a combination of Java EE 6 and Java EE 7\n\t\t\t​technologies, all features must be configured individually. \n\t\t\tThe \u003ccode\u003ejavaee-7.0\u003c/code\u003e feature cannot be used in this case.\n\t\t\tFor more information, see\n\t\t\t​\u003ca\n\t\t\t\thref\u003d\"https://www.ibm.com/support/knowledgecenter/SSEQTP_liberty/com.ibm.websphere.wlp.doc/ae/rwlp_prog_model_supported_combos.html\"\n\t\t\t\ttitle\u003d\"Opens a new window\" onclick\u003d\"javascript:helpWindow(\u0027https://www.ibm.com/support/knowledgecenter/SSEQTP_liberty/com.ibm.websphere.wlp.doc/ae/rwlp_prog_model_supported_combos.html\u0027);return false\"\u003eSupported Java EE 6 and 7 feature combinations\u003c/a\u003e. \n\t\t\u003c/p\u003e\n\t","occurrenceFields":{"reference":"Reference","fileName":"File Name","match":"Match","lineNumber":"Line Number","artifactDisplayName":"Artifact"}},{"ruleId":"JpaCacheProperties","ruleName":"Disable the persistence unit second-level cache","cost":0.1,"uniqueCodeCost":0.1,"commonCodeCost":0.0,"isCostCapped":false,"occurrences":[{"artifact":"a8d4455205d7509305a439ec9738681ee36052144dded32d9086f113e1a14dab_websphere-cafe.war","artifactDisplayName":"websphere-cafe.war","commonCode":false,"occurrences":[{"fileName":"WEB-INF/classes/META-INF/persistence.xml","match":"persistence-unit","reference":"","lineNumber":6}],"numOccurrences":1}],"actionTaken":"","additionalInformation":"ta.additionalInfo.JPA.notPart.migration","severity":"potential","type":"TECHNOLOGY","isValid":true,"complexityRule":"UPDATE_CODE","solutionText":["ta.liberty.issue.complexity.rule.issue.categories.update.code"],"automatedFix":"automated","helpBody":"\u003ch3\u003eDisable the persistence unit second-level cache\u003c/h3\u003e\n\u003cp\u003e\nOpenJPA disables the second-level cache by default, whereas EclipseLink enables the second-level cache by default.\nIf you are migrating an application that does not use the cache, you can\ndisable the cache in EclipseLink by setting the following element in a\nversion 2.0 or 2.1 \u003cspan class\u003d\"FilePath\"\u003epersistence.xml\u003c/span\u003e file:\n\u003cpre\u003e\n   \u0026lt;shared-cache-mode\u0026gt;NONE\u0026lt;/shared-cache-mode\u0026gt;\n\u003c/pre\u003e\n\u003cp\u003e\nFor a version 1.0 \u003cspan class\u003d\"FilePath\"\u003epersistence.xml\u003c/span\u003e file, you can \ndisable the cache in EclipseLink adding the following property:\n\u003c/p\u003e\n\u003cpre\u003e\n   \u0026lt;property name\u003d\"eclipselink.cache.shared.default\" value\u003d\"false\"/\u0026gt;\n\u003c/pre\u003e\n\u003cp\u003e\nThis rule detects \u003ccode\u003e\u0026lt;persistence-unit\u0026gt;\u003c/code\u003e configurations in the\n\u003cspan class\u003d\"FilePath\"\u003eMETA-INF/persistence.xml\u003c/span\u003e file where the current caching configuration results\nin a different default caching behavior in EclipseLink. It also helps you clean\nup \u003ccode\u003eopenjpa.DataCache\u003c/code\u003e properties, which are ignored by EclipseLink.\n\u003c/p\u003e\n\u003cp\u003e\nTo determine whether a configuration change is required, the rule examines combinations of the following settings:\n\u003c/p\u003e\n\u003cul\u003e\n\u003cli\u003eThe \u003ccode\u003e\u0026lt;shared-cache-mode\u0026gt;\u003c/code\u003e configuration element\u003c/li\u003e\n\u003cli\u003eThe \u003ccode\u003ejavax.persistence.sharedCache.mode\u003c/code\u003e persistence property\u003c/li\u003e\n\u003cli\u003eThe \u003ccode\u003eopenjpa.DataCache\u003c/code\u003e persistence property\u003c/li\u003e\n\u003c/ul\u003e\n\u003cp\u003e\n If the \u003ccode\u003eopenjpa.DataCache\u003c/code\u003e property is not specified or is set to \u003ccode\u003efalse\u003c/code\u003e and the shared cache mode\n configuration is omitted or set to \u003ccode\u003eUNSPECIFIED\u003c/code\u003e, in EclipseLink you must\n change the configuration to disable the cache. \n Because EclipseLink enables caching by default, an \u003ccode\u003eopenjpa.DataCache\u003c/code\u003e property \n set to \u003ccode\u003etrue\u003c/code\u003e in OpenJPA is equivalent to having no shared cache mode setting \n in EclipseLink or to setting \u003ccode\u003eshared-cache-mode\u003c/code\u003e to \u003ccode\u003eALL\u003c/code\u003e. \n If you manually remove the \u003ccode\u003eopenjpa.DataCache\u003c/code\u003e configuration,\n do not continue to run this rule because it will detect no configuration as a behavior change.\n\u003c/p\u003e\n\u003cp\u003e\n The automated fix for this rule sets an explicit value for the shared cache mode so\n that the rule does not continue to flag the \u003ccode\u003epersistence-unit\u003c/code\u003e.\n The automated fix evaluates the \u003ccode\u003eopenjpa.DataCache\u003c/code\u003e setting and modifies existing or creates new\n\u003ccode\u003eshared-cache-mode\u003c/code\u003e configuration or \u003ccode\u003ejavax.persistence.sharedCache.mode\u003c/code\u003e properties\nso that your applications have the same cache mode behavior in EclipseLink as they did in OpenJPA.\nIn OpenJPA, when both a specification-defined shared cache value and the \u003ccode\u003eopenjpa.DataCache\u003c/code\u003e \nproperty are set, the specification-defined value is used unless it is \u003ccode\u003eUNSPECIFIED\u003c/code\u003e. \nIf the value is \u003ccode\u003eUNSPECIFIED\u003c/code\u003e, the \u003ccode\u003eopenjpa.DataCache\u003c/code\u003e property is used\nto determine the correct value of the shared cache mode.\n\u003c/p\u003e\n\u003cp\u003e\nFor example, in the following \u003cspan class\u003d\"FilePath\"\u003epersistence.xml\u003c/span\u003e file,\nthe rule flags all of the \u003ccode\u003e\u0026lt;persistence-unit\u0026gt;\u003c/code\u003e elements because\nthey require changes to the caching configuration to maintain the same \ncaching behavior in EclipseLink as it was in OpenJPA. \n\u003c/p\u003e\n\u003ctable summary\u003d\"This table provides more information about the rule, sometimes in the form of an excerpt from a file demonstrating the migration issue.\" bgcolor\u003d\"#F7F8F9\" border\u003d\"1\" cellpadding\u003d\"2px\"\u003e\n\u003cthead\u003e\n\u003ctr\u003e\n\u003cth\u003eSource persistence.xml file for OpenJPA\u003c/th\u003e\n\u003cth\u003eAutomated fix changes to persistence.xml file for EclipseLink\n\u003c/tr\u003e\n\u003c/thead\u003e\n\u003ctr\u003e\u003ctd\u003e\n\u003cpre\u003e\n\u0026lt;persistence\u0026gt;\n\n  \u0026lt;\u003cb\u003epersistence-unit\u003c/b\u003e name\u003d\"example1\"\u0026gt;\n    ...\n    \u0026lt;shared-cache-mode\u0026gt;UNSPECIFIED\u0026lt;/shared-cache-mode\u0026gt;\n    ...\n  \u0026lt;/persistence-unit\u0026gt;\n\n  \u0026lt;\u003cb\u003epersistence-unit\u003c/b\u003e name\u003d\"example2\"\u0026gt;\n     ...\n     \u0026lt;properties\u0026gt;\n        \u0026lt;property name\u003d\"openjpa.DataCache\" value\u003d\"true\"/\u0026gt;\n     \u0026lt;/properties\u0026gt;\n     ...\n  \u0026lt;/persistence-unit\u0026gt;\n\n  \u0026lt;\u003cb\u003epersistence-unit\u003c/b\u003e name\u003d\"example3\"\u0026gt;\n     ...\n     \u0026lt;properties\u0026gt;\n        \u0026lt;-- no cache properties set --\u0026gt;\n     \u0026lt;/properties\u0026gt;\n     ...\n  \u0026lt;/persistence-unit\u0026gt;\n\n\n  \u0026lt;\u003cb\u003epersistence-unit\u003c/b\u003e name\u003d\"example4\"\u0026gt;\n     ...\n     \u0026lt;properties\u0026gt;\n        \u0026lt;property name\u003d\"openjpa.DataCache\" \n                  value\u003d\"false\"/\u0026gt;\n        \u0026lt;property name\u003d\"javax.persistence.sharedCache.mode\" \n                  value\u003d\"ALL\"/\u0026gt;\n     \u0026lt;/properties\u0026gt;\n     ...\n  \u0026lt;/persistence-unit\u0026gt;\n\n\u0026lt;/persistence\u0026gt;\n\u003c/pre\u003e\n\u003c/td\u003e\n\u003ctd\u003e\n\u003cpre\u003e\n\u0026lt;persistence\u0026gt;\n\n  \u0026lt;persistence-unit name\u003d\"example1\"\u0026gt;\n    ...\n    \u0026lt;shared-cache-mode\u0026gt;NONE\u0026lt;/shared-cache-mode\u0026gt;\n    ...\n  \u0026lt;/persistence-unit\u0026gt;\n\n  \u0026lt;persistence-unit name\u003d\"example2\"\u0026gt;\n     ...\n     \u0026lt;shared-cache-mode\u0026gt;ALL\u0026lt;/shared-cache-mode\u0026gt;\n     \u0026lt;properties\u0026gt;\n     \u0026lt;/properties\u0026gt;\n     ...\n  \u0026lt;/persistence-unit\u0026gt;\n\n  \u0026lt;persistence-unit name\u003d\"example3\"\u0026gt;\n     ...\n     \u0026lt;shared-cache-mode\u0026gt;NONE\u0026lt;/shared-cache-mode\u0026gt;\n     \u0026lt;properties\u0026gt;\n        \u0026lt;-- no cache properties set --\u0026gt;\n     \u0026lt;/properties\u0026gt;\n     ...\n  \u0026lt;/persistence-unit\u0026gt;\n\n  \u0026lt;persistence-unit name\u003d\"example4\"\u0026gt;\n     ...\n     \u0026lt;properties\u0026gt;\n        \u0026lt;property name\u003d\"javax.persistence.sharedCache.mode\" \n                  value\u003d\"ALL\"/\u0026gt;\n     \u0026lt;/properties\u0026gt;\n     ...\n  \u0026lt;/persistence-unit\u0026gt;\n\n\u0026lt;/persistence\u0026gt;\n\u003c/pre\u003e\n\u003c/td\u003e\u003c/tr\u003e\u003c/table\u003e\n\u003cp\u003e\nThe automated fix deletes the \u003ccode\u003eopenjpa.DataCache\u003c/code\u003e property if it has a simple\n\u003ccode\u003etrue\u003c/code\u003e or \u003ccode\u003efalse\u003c/code\u003e value.\nIf the \u003ccode\u003eopenjpa.DataCache\u003c/code\u003e property configuration has additional parameters \nsuch as in the following example, the automated fix leaves the property so you can determine \nif any additional manual changes are needed.  \nEvaluate the \u003ccode\u003eopenjpa.DataCache\u003c/code\u003e property for additional migration,\nand then remove the property because it is not used by EclipseLink.\n\u003c/p\u003e\n\u003cpre\u003e\n    \u0026lt;property name\u003d\"openjpa.DataCache\" value\u003d\"true(Types\u003dcom.test.Person;com.test.Employee)\"/\u0026gt;\n\u003c/pre\u003e\n\u003cp\u003e\nIf both \u003ccode\u003eshared-cache-mode\u003c/code\u003e and \u003ccode\u003ejavax.persistence.sharedCache.mode\u003c/code\u003e are\ndefined in the same \u003ccode\u003epersistence-unit\u003c/code\u003e, the automated fix updates the \u003ccode\u003eshared-cache-mode\u003c/code\u003e \nvalue if needed and deletes the \u003ccode\u003ejavax.persistence.sharedCache.mode\u003c/code\u003e property.\n\u003c/p\u003e\n\u003cp\u003e\nFor JPA 1.0 \u003cspan class\u003d\"FilePath\"\u003epersistence.xml\u003c/span\u003e files, the \u003ccode\u003e\u0026lt;shared-cache-mode\u0026gt;\u003c/code\u003e \nelement is not valid. The automated fix evaluates the values of\n\u003ccode\u003eopenjpa.DataCache\u003c/code\u003e and \u003ccode\u003ejavax.persistence.sharedCache.mode\u003c/code\u003e persistence properties\nand adds an \u003ccode\u003eeclipselink.cache.shared.default\u003c/code\u003e persistence property when needed.\n\u003c/p\u003e\n\u003cp\u003e\nCopy the \u003ca href\u003d\"#analyze_AutomatedFixConfiguration\"\u003ecustom configuration\u003c/a\u003e\nto your application build file to enable the fix automation.\n\u003c/p\u003e\n\u003cp\u003e\nFor more information on migrating vendor-specific JPA configuration properties, see the following resources:\n\u003cul\u003e\n\u003cli\u003e\u003ca href\u003d\"https://wiki.eclipse.org/EclipseLink/Examples/JPA/Migration/OpenJPA\"\ntitle\u003d\"Opens a new window\" onclick\u003d\"javascript:helpWindow(\u0027https://wiki.eclipse.org/EclipseLink/Examples/JPA/Migration/OpenJPA\u0027); return false;\"\u003e\nHow To Migrate from OpenJPA to EclipseLink JPA\u003c/a\u003e\u003c/li\u003e\n\u003cli\u003e\u003ca href\u003d\"http://openjpa.apache.org/builds/2.4.0/apache-openjpa/docs/ref_guide_caching.html#ref_guide_cache_conf\"\ntitle\u003d\"Opens a new window\" onclick\u003d\"javascript:helpWindow(\u0027http://openjpa.apache.org/builds/2.4.0/apache-openjpa/docs/ref_guide_caching.html#ref_guide_cache_conf\u0027); return false;\"\u003e\nOpenJPA Reference Guide: Chapter 10. Caching\u003c/a\u003e\u003c/li\u003e\n\u003c/ul\u003e\n","occurrenceFields":{"reference":"Reference","fileName":"File Name","match":"Match","lineNumber":"Line Number","artifactDisplayName":"Artifact"}},{"ruleId":"OpenJPAConfigurationProperties","ruleName":"OpenJPA and WebSphere JPA configuration properties must be migrated","cost":2.0,"uniqueCodeCost":2.0,"commonCodeCost":0.0,"isCostCapped":false,"occurrences":[{"artifact":"a8d4455205d7509305a439ec9738681ee36052144dded32d9086f113e1a14dab_websphere-cafe.war","artifactDisplayName":"websphere-cafe.war","commonCode":false,"occurrences":[{"fileName":"WEB-INF/classes/META-INF/persistence.xml","match":"property.name\u003dopenjpa.jdbc.SynchronizeMappings","reference":"","lineNumber":12}],"numOccurrences":1}],"actionTaken":"","additionalInformation":"ta.additionalInfo.JPA.notPart.migration","severity":"critical","type":"TECHNOLOGY","isValid":true,"complexityRule":"UPDATE_CODE","solutionText":["ta.liberty.issue.complexity.rule.issue.categories.update.code"],"automatedFix":"manual","helpBody":"\u003ch3\u003eOpenJPA and WebSphere JPA configuration properties must be migrated\u003c/h3\u003e\n\u003cp\u003e\nThis rule detects OpenJPA and WebSphere vendor-specific JPA 2.0 configuration properties in the\n\u003cspan class\u003d\"FilePath\"\u003epersistence.xml\u003c/span\u003e file. You must manually migrate these properties \nto standardized or EclipseLink properties.\nThe rule flags any \u003ccode\u003eproperty\u003c/code\u003e element with a \u003ccode\u003ename\u003c/code\u003e attribute\nthat starts with \u003ccode\u003eopenjpa.*\u003c/code\u003e or \u003ccode\u003ewsjpa.*\u003c/code\u003e except for \nthe \u003ccode\u003eopenjpa.jdbc.Schema\u003c/code\u003e property, which is flagged by \n\u003ca href\u003d\"./OpenJpaJdbcSchemaConfigurationProperty.html\"\u003eopenjpa.jdbc.Schema rule\u003c/a\u003e and \u003ccode\u003eopenjpa.LockManager\u003c/code\u003e property, \nwhich is flagged by \n\u003ca href\u003d\"./OpenJPALockManager.html\"\u003eopenjpa.LockManager rule\u003c/a\u003e.\nThe \u003ccode\u003ewsjpa\u003c/code\u003e configuration properties are specific to the WebSphere traditional and Liberty JPA 2.0 \nimplementation built on OpenJPA.\n\u003c/p\u003e\n\u003cp\u003e\nIn the following \u003cspan class\u003d\"FilePath\"\u003epersistence.xml\u003c/span\u003e file, \nall four \u003ccode\u003eproperty\u003c/code\u003e elements are flagged by this rule. \n\u003c/p\u003e\n\u003ctable summary\u003d\"This table provides more information about the rule, sometimes in the form of an excerpt from a file demonstrating the migration issue.\" bgcolor\u003d\"#F7F8F9\" border\u003d\"1\" cellpadding\u003d\"2px\"\u003e\n\u003ctr\u003e\u003ctd\u003e\n\u003cpre\u003e\n\u0026lt;persistence\u0026gt;\n  \u0026lt;persistence-unit name\u003d\"openjpa\"\u0026gt;\n    \u0026lt;properties\u0026gt;\n      ...\n      \u0026lt;property name\u003d\"openjpa.ConnectionURL \"\n                   value\u003d\"jdbc:db2://host.ibm.com:50000/mydb2user\" /\u0026gt;\n      \u0026lt;property name\u003d\"openjpa.ConnectionDriverName\" value\u003d\"com.ibm.db2.jcc.DB2Driver\" /\u0026gt;\n      \u0026lt;property name\u003d\"openjpa.ConnectionUserName\" value\u003d\"mydb2user\" /\u0026gt;\n      \u0026lt;property name\u003d\"openjpa.ConnectionPassword\" value\u003d\"password\" /\u0026gt;      \n      ...\n    \u0026lt;/properties\u0026gt;\n  \u0026lt;/persistence-unit\u0026gt;\n\u0026lt;/persistence\u0026gt;\n\u003c/pre\u003e\n\u003c/td\u003e\u003c/tr\u003e\u003c/table\u003e\n\u003cp\u003e\nTo resolve the issue, change the property name to a standardized property when there is one\navailable.\n\u003c/p\u003e\n\u003ctable summary\u003d\"This table provides more information about the rule, sometimes in the form of an excerpt from a file demonstrating the migration issue.\" bgcolor\u003d\"#F7F8F9\" border\u003d\"1\" cellpadding\u003d\"2px\"\u003e\n\u003ctr\u003e\u003ctd\u003e\n\u003cpre\u003e\n\u0026lt;persistence\u0026gt;\n  \u0026lt;persistence-unit name\u003d\"openjpa\"\u0026gt;\n    \u0026lt;properties\u0026gt;\n      ...   \n      \u0026lt;property name\u003d\"javax.persistence.jdbc.url\"\n                   value\u003d\"jdbc:db2://host.ibm.com:50000/mydb2user\" /\u0026gt;\n      \u0026lt;property name\u003d\"javax.persistence.jdbc.driver\" value\u003d\"com.ibm.db2.jcc.DB2Driver\" /\u0026gt;\n      \u0026lt;property name\u003d\"javax.persistence.jdbc.user\" value\u003d\"mydb2user\" /\u0026gt;\n      \u0026lt;property name\u003d\"javax.persistence.jdbc.password\" value\u003d\"password\" /\u0026gt;\n      ...\n    \u0026lt;/properties\u0026gt;\n  \u0026lt;/persistence-unit\u0026gt;\n\u0026lt;/persistence\u0026gt;\n\u003c/pre\u003e\n\u003c/td\u003e\u003c/tr\u003e\u003c/table\u003e\n\u003cp\u003e\nThe second-level cache is enabled in EclipseLink by default.\nIf you have \u003ccode\u003e\u0026lt;property name\u003d\"openjpa.DataCache\" value\u003d\"true\"/\u0026gt;\u003c/code\u003e set in a \na \u003ccode\u003epersistence-unit\u003c/code\u003e, you can remove this property.\nFor more information, see the \u003ca href\u003d\"./JpaCacheBehavior.html\"\u003eDisable the persistence unit second-level cache\u003c/a\u003e\nrule.\n\u003c/p\u003e\n\u003cp\u003e\nFor more information on migrating vendor-specific JPA configuration properties, see the following resources:\n\u003cul\u003e\n\u003cli\u003e\u003ca href\u003d\"https://wiki.eclipse.org/EclipseLink/Examples/JPA/Migration/OpenJPA/PersistenceXML\"\ntitle\u003d\"Opens a new window\" onclick\u003d\"javascript:helpWindow(\u0027https://wiki.eclipse.org/EclipseLink/Examples/JPA/Migration/OpenJPA/PersistenceXML\u0027); return false;\"\u003e\nMigration from OpenJPA to EclipseLink: Persistence XML\u003c/a\u003e\u003c/li\u003e\n\u003cli\u003e\u003ca href\u003d\"https://www.eclipse.org/eclipselink/documentation/2.6/jpa/extensions/persistenceproperties_ref.htm#sthref733\"\ntitle\u003d\"Opens a new window\" onclick\u003d\"javascript:helpWindow(\u0027https://www.eclipse.org/eclipselink/documentation/2.6/jpa/extensions/persistenceproperties_ref.htm#sthref733\u0027); return false;\"\u003e\nEclipseLink Persistence Property Extensions Reference\u003c/a\u003e\n\u003c/li\u003e\n\u003c/ul\u003e\n","occurrenceFields":{"reference":"Reference","fileName":"File Name","match":"Match","lineNumber":"Line Number","artifactDisplayName":"Artifact"}},{"ruleId":"RemoteWebServicesRule","ruleName":"Remote web services","cost":0.0,"uniqueCodeCost":0.0,"commonCodeCost":0.0,"isCostCapped":false,"occurrences":[{"artifact":"a8d4455205d7509305a439ec9738681ee36052144dded32d9086f113e1a14dab_websphere-cafe.war","artifactDisplayName":"websphere-cafe.war","commonCode":false,"occurrences":[{"fileName":"WEB-INF/classes/cafe/web/view/Cafe.class","match":"javax.ws.rs.client","reference":"Field client","lineNumber":0}],"numOccurrences":1}],"actionTaken":"ta.actionTaken.migrating.cloud.maintain.resource","additionalInformation":"","severity":"suggested","type":"CLOUD_CONSIDERATION","isValid":true,"complexityRule":"NO_CODE_CHANGE_OR_MANAGEABLE_DEPENDENCIES","solutionText":[],"automatedFix":"none","helpBody":"\u003ch3\u003eRemote web services\u003c/h3\u003e\n\u003cp\u003e\nIf your application uses remote web services that are not public on the Internet, \nconsider how moving to the cloud will affect the access to these remote services.\nIf the remote web services are available on the Internet, no changes are needed.\u003c/p\u003e\n\u003cp\u003eThe following Java method calls indicate the use of remote web services:\u003c/p\u003e\n\u003cul\u003e\n\u003cli\u003e\u003ccode\u003eorg.apache.soap.rpc\u003c/code\u003e\u003c/li\u003e\n\u003cli\u003e\u003ccode\u003ejavax.xml.rpc.Call\u003c/code\u003e\u003c/li\u003e\n\u003cli\u003e\u003ccode\u003ejavax.xml.rpc.Service\u003c/code\u003e\u003c/li\u003e\n\u003cli\u003e\u003ccode\u003ejavax.xml.rpc.Stub\u003c/code\u003e\u003c/li\u003e\n\u003cli\u003e\u003ccode\u003ejavax.xml.rpc.ServiceFactory\u003c/code\u003e\u003c/li\u003e\n\u003cli\u003e\u003ccode\u003ejavax.xml.rpc.ServiceException\u003c/code\u003e\u003c/li\u003e\n\u003cli\u003e\u003ccode\u003ejavax.xml.ws.AsyncHandler\u003c/code\u003e\u003c/li\u003e\n\u003cli\u003e\u003ccode\u003ejavax.xml.ws.Service\u003c/code\u003e\u003c/li\u003e\n\u003cli\u003e\u003ccode\u003ejavax.xml.ws.Service.Mode\u003c/code\u003e\u003c/li\u003e\n\u003cli\u003e\u003ccode\u003ejavax.xml.ws.WebServiceClient\u003c/code\u003e\u003c/li\u003e\n\u003cli\u003e\u003ccode\u003ejavax.xml.ws.WebServiceRef\u003c/code\u003e\u003c/li\u003e\n\u003cli\u003e\u003ccode\u003ejavax.xml.ws.WebServiceRefs\u003c/code\u003e\u003c/li\u003e\n\u003cli\u003e\u003ccode\u003ejavax.ws.rs.client\u003c/code\u003e\u003c/li\u003e\n\u003cli\u003e\u003ccode\u003eorg.apache.client.wink.client\u003c/code\u003e\u003c/li\u003e\n\u003c/ul\u003e\n\u003cp\u003eThe following deployment descriptor element also indicates use of remote web services:\u003c/p\u003e\n\u003cul\u003e\n\u003cli\u003e\u003ccode\u003e\u0026lt;service-ref\u0026gt;\u003c/code\u003e in the \u003ccode\u003eapplication-client.xml\u003c/code\u003e, \u003ccode\u003eejb-jar.xml\u003c/code\u003e, or \u003ccode\u003eweb.xml\u003c/code\u003e file\u003c/li\u003e\n\u003c/ul\u003e\n\u003cp\u003eAlso, the presence of the following files indicates the use of remote web services:\u003c/p\u003e\n\u003cul\u003e\n\u003cli\u003e\u003ccode\u003eibm-webservicesclient-bnd.xmi\u003c/code\u003e\u003c/li\u003e\n\u003cli\u003e\u003ccode\u003eibm-webservicesclient-ext.xmi\u003c/code\u003e\u003c/li\u003e\n\u003c/ul\u003e\n\u003cp\u003eThis rule is flagged once per Eclipse project or Java archive.\u003c/p\u003e\n\u003cp\u003eNote: If you are migrating to Liberty Core, the Java API for XML-Based Web Services (JAX-WS) is not provided as part of the Java EE Web Profile. \nConsider packaging a JAX-WS implementation with your application, or migrate to Liberty or traditional WebSphere.\u003c/p\u003e\n\u003ch4\u003eHow to Resolve\u003c/h4\u003e\n\t\t\u003cp\u003eIf your application is able to directly access the remote web service, no further action is required.\n\t\t\u003c/p\u003e\n\t\t\u003cp\u003e\n\t\t\tOtherwise, one option is to move the applications with the dependent web services to the cloud\n\t\t\tas part of the migration.  This option eliminates potential latency issues. The feasibility\n\t\t\tof this solution depends on your cloud runtime choice. \n\t\t\tFor example, JAX-RPC is not supported on Liberty running as a IBM Cloud Instant Runtime. \n\t\t\tAlternatively, you can use a VPN tunnel, such as the IBM Secure Gateway for IBM Cloud, \n\t\t\tto create a secure connection for your existing remote web service calls. \n\t\t\tFor more information about configuring a secure connection, see \n\t\t\t\u003ca href\u003d\"SecureConnection.html\"\u003eConfiguring a VPN\u003c/a\u003e. After configuring your gateway, connect your application to the\n\t\t\tnew destination by using the cloud host and port number that is\n\t\t\tprovided when you created the destination.\n\t\t\u003c/p\u003e\n\t","occurrenceFields":{"reference":"Reference","fileName":"File Name","match":"Match","lineNumber":"Line Number","artifactDisplayName":"Artifact"}},{"ruleId":"DatabasesRule","ruleName":"Databases","cost":0.0,"uniqueCodeCost":0.0,"commonCodeCost":0.0,"isCostCapped":false,"occurrences":[{"artifact":"a8d4455205d7509305a439ec9738681ee36052144dded32d9086f113e1a14dab_websphere-cafe.war","artifactDisplayName":"websphere-cafe.war","commonCode":false,"occurrences":[{"fileName":"WEB-INF/classes/META-INF/persistence.xml","match":"jta-data-source\u003djdbc/WebSphereCafeDB","reference":"","lineNumber":7},{"fileName":"WEB-INF/classes/cafe/model/CafeRepository.class","match":"javax.persistence","reference":"Field annotation entityManager","lineNumber":0}],"numOccurrences":2}],"actionTaken":"ta.actionTaken.migrating.cloud.maintain.resource","additionalInformation":"","severity":"suggested","type":"CLOUD_CONSIDERATION","isValid":true,"complexityRule":"NO_CODE_CHANGE_OR_MANAGEABLE_DEPENDENCIES","solutionText":[],"automatedFix":"none","helpBody":"\u003ch3\u003eDatabases\u003c/h3\u003e\n\u003cp\u003eWhen migrating applications using databases to a cloud platform, \nconsider how to maintain access to the database from the cloud.\n\u003c/p\u003e\n\u003cp\u003eThe following Java packages indicate use of a database:\u003c/p\u003e\n\u003cul\u003e\n\u003cli\u003e\u003ccode\u003ejava.sql\u003c/code\u003e\u003c/li\u003e\n\u003cli\u003e\u003ccode\u003ejavax.sql\u003c/code\u003e\u003c/li\u003e\n\u003cli\u003e\u003ccode\u003ejavax.persistence\u003c/code\u003e\u003c/li\u003e\n\u003cli\u003e\u003ccode\u003eorg.apache.ibatis\u003c/code\u003e\u003c/li\u003e\n\u003cli\u003e\u003ccode\u003eorg.hibernate\u003c/code\u003e\u003c/li\u003e\n\u003cli\u003e\u003ccode\u003eorg.springframework.dao\u003c/code\u003e\u003c/li\u003e\n\u003cli\u003e\u003ccode\u003eorg.springframework.jdbc\u003c/code\u003e\u003c/li\u003e\n\u003cli\u003e\u003ccode\u003eorg.ektorp\u003c/code\u003e\u003c/li\u003e\n\u003cli\u003e\u003ccode\u003eorg.lightcouch\u003c/code\u003e\u003c/li\u003e\n\u003cli\u003e\u003ccode\u003eorg.jcouchdb\u003c/code\u003e\u003c/li\u003e\n\u003cli\u003e\u003ccode\u003ecom.buycentives.jrelax\u003c/code\u003e\u003c/li\u003e\n\u003cli\u003e\u003ccode\u003ecom.mongodb\u003c/code\u003e\u003c/li\u003e\n\u003c/ul\u003e\n\u003cp\u003eThis rule flags the following references in the \u003cspan class\u003d\"FilePath\"\u003epersistence.xml\u003c/span\u003e file: \n\u003c/p\u003e\n\u003cul\u003e\n\u003cli\u003e\u003ccode\u003e\u0026lt;property name\u003d\"javax.persistence.jdbc.url\"/\u0026gt;\u003c/code\u003e\u003c/li\u003e\n\u003cli\u003e\u003ccode\u003e\u0026lt;jta-data-source\u0026gt;\u003ci\u003edata source name\u003c/i\u003e\u0026lt;/jta-data-source\u0026gt;\u003c/code\u003e\u003c/li\u003e\n\u003cli\u003e\u003ccode\u003e\u0026lt;non-jta-data-source\u0026gt;\u003ci\u003edata source name\u003c/i\u003e\u0026lt;/non-jta-data-source\u0026gt;\u003c/code\u003e\u003c/li\u003e\n\u003c/ul\u003e\n\u003cp\u003e\nThis rule also flags resource references with a type of\n\u003ccode\u003e\u0026lt;res-type\u0026gt;javax.sql.DataSource\u0026lt;/res-type\u0026gt;\u003c/code\u003e element in \u003ccode\u003eapplication.xml\u003c/code\u003e, \n\u003ccode\u003eapplication-client.xml\u003c/code\u003e, \u003ccode\u003eejb-jar.xml\u003c/code\u003e, or \u003ccode\u003eweb.xml\u003c/code\u003e files.\n\u003c/p\u003e\n\u003cp\u003eEach database Java API type referenced by an application is flagged only once per Eclipse project or Java archive. \nFor example, if \u003ccode\u003ejava.sql\u003c/code\u003e and \u003ccode\u003ejavax.persistence\u003c/code\u003e APIs are both used in an Eclipse project, \nyou get two results for that project.  The results do not give you an indication of how\nmany databases are being accessed. Rather, they give an indication of the technologies that you use \nto access databases.\n\u003c/p\u003e\n\u003cp\u003e\nAll \u003ccode\u003ejavax.persistence.jdbc.url\u003c/code\u003e properties are flagged because\nthey must be reconfigured when you use a VPN tunnel.\n\u003c/p\u003e\n\u003cp\u003e\nIn the following \u003cspan class\u003d\"FilePath\"\u003epersistence.xml\u003c/span\u003e file, \nthe \u003ccode\u003eproperty\u003c/code\u003e element with \u003ccode\u003ename\u003d\"javax.persistence.jdbc.url\"\u003c/code\u003e is flagged by this rule. \n\u003c/p\u003e\n\u003ctable summary\u003d\"This table provides more information about the rule, sometimes in the form of an excerpt from a file demonstrating the migration issue.\" bgcolor\u003d\"#F7F8F9\" border\u003d\"1\" cellpadding\u003d\"2px\"\u003e\n\u003ctr\u003e\u003ctd\u003e\n\u003cpre\u003e\n\u0026lt;persistence\u0026gt;\n  \u0026lt;persistence-unit name\u003d\"openjpa\"\u0026gt;\n    \u0026lt;properties\u0026gt;\n      ...\n      \u0026lt;property name\u003d\"javax.persistence.jdbc.url\"\n                   value\u003d\"jdbc:db2://host.ibm.com:50000/mydb2user\" /\u0026gt;\n       ...\n    \u0026lt;/properties\u0026gt;\n  \u0026lt;/persistence-unit\u0026gt;\n\u0026lt;/persistence\u0026gt;\n\u003c/pre\u003e\n\u003c/td\u003e\u003c/tr\u003e\u003c/table\u003e\n\u003ch4\u003eHow to Resolve\u003c/h4\u003e\n\t\t\u003cp\u003eIf your application is able to directly access the database provider, no further action is required.\n\t\t\u003c/p\u003e\n\t\t\u003cp\u003e\n\t\t\tOtherwise, you can use a VPN tunnel, such as the IBM Secure Gateway for IBM Cloud, \n\t\t\tto create a secure connection to your existing on-premises database provider.\n\t\t\tFor more information about configuring a secure connection, see \n\t\t\t\u003ca href\u003d\"SecureConnection.html\"\u003eConfiguring a VPN\u003c/a\u003e. After configuring your gateway, connect your application to the\n\t\t\tnew destination by using the cloud host and port number that is\n\t\t\tprovided when you created the destination.\n\t\t\tThe following URL is an example of an IBM DB2 database URL:\u003c/p\u003e\n\t\t\t\u003cul\u003e\n\t\t\t\u003cli\u003e\u003cspan class\u003d\"Code\"\u003ejdbc:db2://\u0026lt;cloud host\u0026gt;:\u0026lt;cloud port\u0026gt;/\u0026lt;database name\u0026gt;\u003c/span\u003e\u003c/li\u003e\n\t\t\t\u003c/ul\u003e\n\u003cp\u003e\nFor situations where you want to move your data to the cloud, you can use \u003ca href\u003d\"https://www.ibm.com/cloud/data\"\ntitle\u003d\"Opens a new window\" onclick\u003d\"javascript:helpWindow(\u0027https://www.ibm.com/cloud/data\u0027);return false\"\u003e\nIBM Cloud databases\u003c/a\u003e.\n\u003c/p\u003e\n","occurrenceFields":{"reference":"Reference","fileName":"File Name","match":"Match","lineNumber":"Line Number","artifactDisplayName":"Artifact"}},{"ruleId":"URLRuleDockerCloud","ruleName":"Validate the URL host and port for cloud access","cost":0.0,"uniqueCodeCost":0.0,"commonCodeCost":0.0,"isCostCapped":false,"occurrences":[{"artifact":"a8d4455205d7509305a439ec9738681ee36052144dded32d9086f113e1a14dab_websphere-cafe.war","artifactDisplayName":"websphere-cafe.war","commonCode":false,"occurrences":[{"fileName":"websphere-cafe.war","match":"http://localhost:9080","reference":"1","lineNumber":0}],"numOccurrences":1}],"actionTaken":"","additionalInformation":"","severity":"suggested","type":"ADDITIONAL_INFORMATION","isValid":true,"complexityRule":"NO_CODE_CHANGE_OR_MANAGEABLE_DEPENDENCIES","solutionText":[],"automatedFix":"none","helpBody":"\u003ch3\u003eValidate the URL host and port for cloud access\u003c/h3\u003e\n\u003cp\u003eIn a cloud environment, there are many things to consider when accessing URLs from your application.\n\u003c/p\u003e\n\u003col\u003e\n\u003cli\u003eDoes the host name or IP address need to change?\u003c/li\u003e\n\u003cul\u003e\u003cli\u003eIf the target service moved with the application, then the host name or IP address needs to change.\u003c/li\u003e\u003c/ul\u003e\n\n\u003cli\u003eCan the host be accessed from the cloud environment?\u003c/li\u003e\n\u003cul\u003e\u003cli\u003eIf the target host is not on the public internet, you need to configure a secure connection using a VPN tunnel.\nSee \u003ca href\u003d\"#SecureConnection\"\u003eCreate a Secure Connection\u003c/a\u003e for more information.\u003c/li\u003e\u003c/ul\u003e\n\n\u003cli\u003eCan the port be accessed from the cloud environment?\u003c/li\u003e\n\u003cul\u003e\u003cli\u003eIf the target host is on the public cloud, you might need to open the port when using non-default ports.\nSee \u003ca href\u003d\"#OpenPort\"\u003eOpen a Port\u003c/a\u003e for more information.\u003c/li\u003e\u003c/ul\u003e\n\n\u003cli\u003eCan the host name or IP address change dynamically in the cloud environment after deployment?\u003c/li\u003e\n\u003cul\u003e\u003cli\u003eIn a cloud environment, services or peers can be relocated or regenerated, which shifts them to new host\nnames and IP addresses. When these shifts occur, application calls to particular host names or IP addresses can break.\u003c/li\u003e\n\u003cli\u003eInstead of using host names or IP addresses, consult an external service registry to resolve service endpoints, \nor delegate the entire routing function to a service bus or a load balancer with a virtual name instead.\u003c/li\u003e\u003c/ul\u003e\n\n\u003cli\u003eIf the host name is \u003ccode\u003elocalhost\u003c/code\u003e, did the target service move with the application?\u003c/li\u003e\n\u003cul\u003e\u003cli\u003eIf it did not move, you need to configure a secure connection using a VPN tunnel. See \u003ca href\u003d\"#SecureConnection\"\u003eCreate a Secure Connection\u003c/a\u003e for more information.\u003c/li\u003e\u003c/ul\u003e\n\u003c/ol\u003e\n\n\u003cp\u003eThis rule flags references to the following in Java string literals and in property values in .properties files:\n\u003c/p\u003e\n\u003cul\u003e\n\u003cli\u003ecorbaloc:\u0026lt;protocol\u0026gt;:\u0026lt;host\u0026gt;:\u0026lt;port\u0026gt;/ (protocol and port are optional)\u003c/li\u003e\n\u003cli\u003ecorbaname:\u0026lt;protocol\u0026gt;:\u0026lt;host\u0026gt;:\u0026lt;port\u0026gt;/ (protocol and port are optional)\u003c/li\u003e\n\u003cli\u003ehttp://\u003c/li\u003e\n\u003cli\u003ehttps://\u003c/li\u003e\n\u003cli\u003eiiop://\u003c/li\u003e\n\u003cli\u003eimap://\u003c/li\u003e\n\u003cli\u003ejdbc:\u0026lt;database type\u0026gt;://\u003c/li\u003e\n\u003cli\u003eldap://\u003c/li\u003e\n\u003cli\u003eldaps://\u003c/li\u003e\n\u003cli\u003epop2://\u003c/li\u003e\n\u003cli\u003esmtp://\u003c/li\u003e\n\u003cli\u003essl://\u003c/li\u003e\n\u003cli\u003etcp://\u003c/li\u003e\n\u003c/ul\u003e\n\u003cp\u003eIf the target cloud runtime environment is IBM Cloud or Third-party PaaS, the following protocols are not flagged by this rule because\nthey are flagged by the \u003ca href\u003d\"PLUGINS_ROOT/com.ibm.ws.appconversion.liberty2cloud/ruleinfo/appmigration/liberty2cloud/ProtocolRule.html\"\u003eDo not use older or non-standard protocols\u003c/a\u003e rule.\u003c/p\u003e\n\u003cul\u003e\n\u003cli\u003ecorbaloc\u003c/li\u003e\n\u003cli\u003eiiop\u003c/li\u003e\n\u003cli\u003essl\u003c/li\u003e\n\u003cli\u003etcp\u003c/li\u003e\n\u003c/ul\u003e\n\u003cp\u003eThis rule also flags references to \"http://\" or \"https://\" in the \u003ccode\u003elocation\u003c/code\u003e attribute on the \u003cspan class\u003d\"XmlDefinition\"\u003e\u0026lt;address\u0026gt;\u003c/span\u003e element in WSDL files.\n\u003c/p\u003e\n\u003cp\u003e\nNote: References to \"http://www.w3.org/\" and \"http://schemas.xmlsoap.org/\" are not flagged because they identify defined\nnamespaces in the Web Services Addressing specification. \n\u003c/p\u003e\n\u003ch4\u003eHow to Resolve\u003c/h4\u003e\n\t\t\u003cp\u003eIf your application is able to directly access the service endpoint or peer, no further action is required.\n\t\tOtherwise, there are two potential solutions:\u003c/p\u003e\n\u003ch5 id\u003d\"SecureConnection\"\u003eCreate a Secure Connection\u003c/h5\u003e\n\t\t\u003cp\u003eYou can use a VPN tunnel, such as the IBM Secure Gateway for IBM Cloud, \n\t\t\tto create a secure connection to your service endpoint or peer. \n\t\t\tFor more information about configuring a secure connection, see \n\t\t\t\u003ca href\u003d\"SecureConnection.html\"\u003eConfiguring a VPN\u003c/a\u003e. \n\t\t\tAfter configuring your gateway, connect your application to the\n\t\t\tnew destination by using the cloud host and port number that is\n\t\t\tprovided when you created the destination.\u003c/p\u003e\n\u003ch5 id\u003d\"OpenPort\"\u003eOpen a Port\u003c/h5\u003e\n\u003cp\u003eOnly certain ports are open by default in a cloud environment. For information on how to open additional ports, see the \u003ccode\u003eFirewall Ports\u003c/code\u003e section in \n\u003ca href\u003d\"https://cloud.ibm.com/docs/ApplicationServeronCloud?topic\u003dApplicationServeronCloud-system_access#firewall_ports\" \ntitle\u003d\"Opens a new window\" onclick\u003d\"javascript:helpWindow(\u0027https://cloud.ibm.com/docs/ApplicationServeronCloud?topic\u003dApplicationServeronCloud-system_access#firewall_ports\u0027);return false\"\u003e\nWebSphere Application Server in IBM Cloud System access\u003c/a\u003e.\u003c/p\u003e\n\u003cp\u003e\nFor more information, see \u003ca href\u003d\"https://developer.ibm.com/depmodels/cloud/articles/1404-brown/\" \ntitle\u003d\"Opens a new window\" onclick\u003d\"javascript:helpWindow(\u0027https://developer.ibm.com/depmodels/cloud/articles/1404-brown/\u0027);return false\"\u003e\nTop 9 rules for cloud applications\u003c/a\u003e.\n\u003c/p\u003e\n","occurrenceFields":{"reference":"Reference","fileName":"File Name","match":"Match","lineNumber":"Line Number","artifactDisplayName":"Artifact"}}],"summary":{"complexity":{"simple":{"ADDITIONAL_INFORMATION":3,"CLOUD_CONSIDERATION":2},"moderate":{"TECHNOLOGY":2},"score":"moderate"},"issues":{"potential":2,"suggested":4,"critical":1},"isCostCapped":false,"effort":{"total":2.1,"ADDITIONAL_INFORMATION":0.0,"TECHNOLOGY":2.1,"CLOUD_CONSIDERATION":0.0},"requiredCodeChanges":"partAutomated"},"technologyType":"Base","automatedFixConfig":{"mavenConfig":"\u003cplugin\u003e\n    \u003cgroupId\u003eorg.openrewrite.maven\u003c/groupId\u003e\n    \u003cartifactId\u003erewrite-maven-plugin\u003c/artifactId\u003e\n    \u003cversion\u003e5.23.1\u003c/version\u003e\n    \u003cconfiguration\u003e\n        \u003cactiveRecipes\u003e\n            \u003c!--Disable the persistence unit second-level cache--\u003e\n            \u003crecipe\u003eorg.openrewrite.java.migrate.JpaCacheProperties\u003c/recipe\u003e\n        \u003c/activeRecipes\u003e\n    \u003c/configuration\u003e\n    \u003cdependencies\u003e\n        \u003cdependency\u003e\n            \u003cgroupId\u003eorg.openrewrite.recipe\u003c/groupId\u003e\n            \u003cartifactId\u003erewrite-migrate-java\u003c/artifactId\u003e\n            \u003cversion\u003e2.9.1\u003c/version\u003e\n        \u003c/dependency\u003e\n    \u003c/dependencies\u003e\n\u003c/plugin\u003e\n","gradleConfig":"plugins {\n    id \u0027java\u0027\n    id \u0027maven-publish\u0027\n    id \u0027org.openrewrite.rewrite\u0027 version \u00276.8.4\u0027\n}\n\nrewrite {\n    activeRecipe(\n        // Disable the persistence unit second-level cache\n        \u0027org.openrewrite.java.migrate.JpaCacheProperties\u0027,\n    )\n}\n\ndependencies {\n        rewrite(\u0027org.openrewrite.recipe:rewrite-migrate-java:2.9.1\u0027)\n}"},"targetId":"openLiberty"}]}