{
   "report": "analysis",
   "version": "1.4",
   "productVersion": "24.0.0.1",
   "productRelease": "24.0.0.1",
   "buildID": "v20240324_2333",
   "options": [
      "--sourceAppServer=was855",
      "--sourceJava=ibm6",
      "--sourceJavaEE=ee6",
      "--targetAppServer=was855",
      "--targetJava=ibm8",
      "--targetJavaEE=ee6",
      "--targetCloud=containers",
      "--includeHelpLocation",
      "--excludePackages=ch.qos,com.cloudant,com.cognos,com.fasterxml,com.filenet,com.ibatis,com.ibm,com.informix,com.lowagie,com.mchange,com.meterware,com.microsoft,com.mongodb,com.mysql,com.sun,com.sybase,filenet,freemarker,groovy,jakarta,java,javax,net,oracle,org,sqlj,sun,twitter4j,_ibmjsp"
   ],
   "totalRulesFlagged": 3,
   "filesAffected": 3,
   "totalResults": 3,
   "severitySummary": [
      {
         "severity": "Information",
         "severityId": "info",
         "totalRulesFlagged": 3,
         "totalResults": 3,
         "totalRulesFlaggedWithAutomatedFix": 0,
         "totalResultsWithAutomatedFix": 0
      }
   ],
   "applications": [
      "/root/source/acme/Acmeair-Customer-Service/target/acmeair-customerservice-java-6.0.war"
   ],
   "rules": [
      {
         "ruleName": "Databases",
         "ruleId": "DatabasesRule",
         "ruleHelpLocation": "/ruleinfo/appmigration/cloud/Databases.html",
         "devCost": "0",
         "instanceCost": "0",
         "severity": "Information",
         "severityId": "info",
         "recipe": null,
         "alternativeRecipes": [
         ],
         "category": "Technology connectivity considerations for IBM Cloud",
         "categoryId": "appconversion.cloud.category.technology.connectivity",
         "totalResults": 1,
         "results": [
            {
               "fileName": "acmeair-customerservice-java-6.0.war/WEB-INF/classes/com/acmeair/mongo/ConnectionManager.class",
               "details": [
                  {
                     "reference": "Constructor",
                     "match": "com.mongodb",
                     "lineNumber": 49
                  }
               ]
            }
         ],
         "referencedClasses": [
            {
               "class": "com.mongodb.MongoClient",
               "total": 29
            },
            {
               "class": "com.mongodb.MongoClientOptions",
               "total": 18
            },
            {
               "class": "com.mongodb.MongoClientOptions$Builder",
               "total": 41
            },
            {
               "class": "com.mongodb.MongoClientURI",
               "total": 12
            },
            {
               "class": "com.mongodb.MongoCredential",
               "total": 12
            },
            {
               "class": "com.mongodb.ServerAddress",
               "total": 14
            },
            {
               "class": "com.mongodb.client.FindIterable",
               "total": 4
            },
            {
               "class": "com.mongodb.client.MongoCollection",
               "total": 23
            },
            {
               "class": "com.mongodb.client.MongoDatabase",
               "total": 12
            },
            {
               "class": "com.mongodb.client.model.Filters",
               "total": 3
            },
            {
               "class": "com.mongodb.client.model.Updates",
               "total": 7
            },
            {
               "class": "com.mongodb.client.result.DeleteResult",
               "total": 1
            },
            {
               "class": "com.mongodb.client.result.UpdateResult",
               "total": 1
            },
            {
               "class": "com.mongodb.connection.ConnectionDescription",
               "total": 1
            }
         ]
      },
      {
         "ruleName": "Handling application configuration in Docker containers",
         "ruleId": "DetectPropertiesFiles",
         "ruleHelpLocation": "/ruleinfo/appmigration/cloud/DetectPropertiesFiles.html",
         "devCost": "0",
         "instanceCost": "0",
         "severity": "Information",
         "severityId": "info",
         "recipe": null,
         "alternativeRecipes": [
         ],
         "category": "Containers (OpenShift, Kubernetes)",
         "categoryId": "appconversion.cloud.category.docker",
         "totalResults": 1,
         "results": [
            {
               "fileName": "acmeair-customerservice-java-6.0.war/WEB-INF/classes/META-INF/microprofile-config.properties",
               "details": [
                  {
                     "reference": null,
                     "match": "(.*)?\\.properties",
                     "lineNumber": 0
                  }
               ]
            }
         ]
      },
      {
         "ruleName": "Validate the URL host and port for cloud access",
         "ruleId": "URLRuleDockerCloud",
         "ruleHelpLocation": "/ruleinfo/appmigration/cloud/UrlRule.html",
         "devCost": "0",
         "instanceCost": "0",
         "severity": "Information",
         "severityId": "info",
         "recipe": null,
         "alternativeRecipes": [
         ],
         "category": "Connectivity considerations for IBM Cloud (Containers and Virtual machines)",
         "categoryId": "appconversion.cloud.category.connectivity.dockerAndWASOnCloud",
         "totalResults": 1,
         "results": [
            {
               "fileName": "acmeair-customerservice-java-6.0.war",
               "details": [
                  {
                     "reference": "1",
                     "match": "mp.jwt.verify.issuer=http://acmeair-ms",
                     "lineNumber": 0
                  }
               ]
            }
         ]
      }
   ]
}