<?xml version="1.0" encoding="UTF-8" standalone="no"?>
<!--Generated by IBM TransformationAdvisor 3.9.0
Thu Apr 11 09:35:33 UTC 2024--><server description="Feature list generated by binaryAppScanner">
    <featureManager>
        <!--Generated by IBM TransformationAdvisor 3.9.0 to support metric integration.-->
        <feature>mpMetrics-1.1</feature>
        <!--End features generated by Transformation Advisor-->
        <!--The following features are available in Open Liberty.-->
        <feature>beanValidation-1.1</feature>
        <feature>cdi-1.2</feature>
        <feature>ejbLite-3.2</feature>
        <feature>jaxb-2.2</feature>
        <feature>jaxrs-2.0</feature>
        <feature>jpa-2.1</feature>
        <feature>jsf-2.2</feature>
        <feature>servlet-3.1</feature>
    </featureManager>
    <application id="websphere-cafe.war" location="websphere-cafe.war" name="websphere-cafe.war" type="war"/>
    <applicationManager autoExpand="true"/>
</server>
